Name,MSCI ACWI - Net Return,MSCI USA - Gross Return,MSCI EAFE - Net Return,MSCI EM - Net Return,MSCI World Index - Net Return,MSCI World ex USA - Net Return,S&P 500 - Total Return,Russell 3000 - Total Return,Russell 2000 - Total Return,Russell 1000 - Total Return,Russell 1000 Growth - Total Return,Russell 1000 Value - Total Return,Dow Jones Industrial Average - Total Return,Bloomberg Commodity Index - Total Return,Dow Jones US Select Real Estate Securities Index (RESI),HFRI Fund of Funds: Conservative,HFRI Fund of Funds Composite,HFRI Fund of Funds: Strategic,Bloomberg US Aggregate,Bloomberg US Aggregate Credit - Corporate - High Yield (BA-B) 2% Issuer Cap ,Bloomberg US Corporate Investment Grade,Bloomberg U.S. Government,Bloomberg US Aggregate Securitized - MBS & ABS & CMBS,Bloomberg US Treasury Inflation Protected Notes (TIPS),Bloomberg US Corporate (1-3 Y) (Inception 11/28/2003),ICE BofA US Treasury Bill (0-3 M) (USD Unhedged)
3/31/2026,-7.18%,-4.90%,-10.29%,-13.06%,-6.37%,-9.74%,-4.98%,-4.97%,-5.00%,-4.97%,-5.21%,-4.82%,-5.20%,11.50%,-5.67%,-0.88%,-2.11%,-3.29%,-1.76%,-1.20%,-1.98%,-1.73%,-1.61%,-1.34%,-0.47%,0.30%
2/28/2026,1.29%,-0.88%,4.63%,5.50%,0.73%,4.81%,-0.76%,-0.48%,0.80%,-0.54%,-3.36%,2.59%,0.31%,1.10%,7.70%,0.73%,1.11%,1.00%,1.64%,0.28%,1.29%,1.81%,1.63%,1.31%,0.42%,0.28%
1/31/2026,2.96%,1.29%,5.22%,8.85%,2.24%,4.72%,1.45%,1.55%,5.35%,1.38%,-1.51%,4.56%,1.80%,10.36%,3.01%,1.31%,1.69%,1.95%,0.11%,0.51%,0.18%,-0.09%,0.40%,0.31%,0.37%,0.30%
12/31/2025,1.04%,0.01%,3.00%,2.99%,0.81%,3.00%,0.06%,-0.02%,-0.58%,0.01%,-0.62%,0.68%,0.92%,-0.32%,-2.46%,1.07%,1.25%,1.14%,-0.15%,0.59%,-0.20%,-0.33%,0.21%,-0.40%,0.41%,0.35%
11/30/2025,-0.01%,0.03%,0.62%,-2.39%,0.28%,1.04%,0.25%,0.27%,0.96%,0.24%,-1.81%,2.66%,0.48%,3.20%,3.11%,0.39%,0.53%,0.64%,0.62%,0.69%,0.65%,0.62%,0.63%,0.18%,0.48%,0.30%
10/31/2025,2.24%,2.38%,1.18%,4.18%,2.00%,1.08%,2.34%,2.14%,1.81%,2.16%,3.63%,0.44%,2.59%,2.89%,-1.33%,0.87%,1.33%,1.68%,0.62%,0.24%,0.38%,0.62%,0.83%,0.35%,0.33%,0.36%
9/30/2025,3.62%,3.67%,1.91%,7.15%,3.21%,2.13%,3.65%,3.45%,3.11%,3.47%,5.31%,1.49%,2.00%,2.15%,1.14%,1.10%,1.78%,2.22%,1.09%,0.83%,1.50%,0.84%,1.16%,0.43%,0.44%,0.34%
8/31/2025,2.47%,1.96%,4.26%,1.28%,2.61%,4.40%,2.03%,2.31%,7.14%,2.10%,1.12%,3.19%,3.42%,1.93%,4.68%,1.17%,1.51%,2.21%,1.20%,1.20%,1.01%,1.05%,1.59%,1.54%,0.88%,0.38%
7/31/2025,1.36%,2.29%,-1.40%,1.95%,1.29%,-1.21%,2.24%,2.20%,1.73%,2.22%,3.78%,0.57%,0.16%,-0.45%,-0.73%,0.51%,0.83%,1.26%,-0.26%,0.25%,0.07%,-0.39%,-0.38%,0.12%,0.11%,0.36%
6/30/2025,4.49%,5.14%,2.20%,6.01%,4.32%,2.34%,5.09%,5.08%,5.44%,5.06%,6.38%,3.42%,4.47%,2.41%,-0.97%,0.93%,1.64%,2.40%,1.54%,1.82%,1.87%,1.25%,1.73%,0.95%,0.74%,0.34%
5/31/2025,5.75%,6.45%,4.58%,4.27%,5.92%,4.71%,6.29%,6.34%,5.34%,6.38%,8.85%,3.51%,4.16%,-0.58%,2.07%,0.99%,1.37%,2.08%,-0.72%,1.58%,-0.01%,-1.02%,-0.86%,-0.59%,0.17%,0.37%
4/30/2025,0.93%,-0.51%,4.58%,1.31%,0.89%,4.56%,-0.68%,-0.67%,-2.31%,-0.60%,1.77%,-3.05%,-3.08%,-4.81%,-2.78%,0.02%,0.16%,0.21%,0.39%,0.08%,-0.03%,0.63%,0.33%,0.12%,0.57%,0.35%
3/31/2025,-3.95%,-5.85%,-0.40%,0.63%,-4.45%,-0.58%,-5.63%,-5.83%,-6.81%,-5.79%,-8.42%,-2.78%,-4.06%,3.93%,-3.76%,-0.07%,-1.17%,-2.03%,0.04%,-0.81%,-0.29%,0.23%,0.00%,0.64%,0.42%,0.34%
2/28/2025,-0.60%,-1.58%,1.94%,0.48%,-0.72%,1.76%,-1.30%,-1.92%,-5.35%,-1.75%,-3.59%,0.41%,-1.39%,0.78%,3.86%,-0.02%,-0.53%,-1.14%,2.20%,0.67%,2.04%,2.14%,2.47%,2.18%,0.69%,0.33%
1/31/2025,3.36%,3.04%,5.26%,1.79%,3.53%,4.97%,2.78%,3.16%,2.62%,3.18%,1.98%,4.63%,4.78%,3.95%,1.20%,0.83%,1.34%,1.27%,0.53%,1.34%,0.55%,0.52%,0.52%,1.29%,0.50%,0.37%
12/31/2024,-2.37%,-2.54%,-2.27%,-0.14%,-2.61%,-2.68%,-2.38%,-3.06%,-8.26%,-2.79%,0.88%,-6.84%,-5.13%,1.02%,-7.15%,0.58%,0.07%,-0.44%,-1.64%,-0.51%,-1.94%,-1.52%,-1.56%,-1.58%,0.19%,0.40%
11/30/2024,3.74%,6.26%,-0.57%,-3.59%,4.59%,0.24%,5.87%,6.65%,10.97%,6.44%,6.49%,6.39%,7.74%,0.41%,4.58%,0.56%,1.82%,2.26%,1.06%,1.08%,1.34%,0.77%,1.30%,0.48%,0.47%,0.39%
10/31/2024,-2.24%,-0.74%,-5.44%,-4.45%,-1.98%,-5.10%,-0.91%,-0.73%,-1.44%,-0.70%,-0.33%,-1.10%,-1.26%,-1.85%,-3.14%,0.14%,0.17%,-0.02%,-2.48%,-0.72%,-2.43%,-2.36%,-2.74%,-1.79%,-0.47%,0.39%
9/30/2024,2.32%,2.15%,0.92%,6.68%,1.83%,1.11%,2.14%,2.07%,0.70%,2.14%,2.83%,1.39%,1.96%,4.86%,2.66%,0.78%,1.05%,1.65%,1.34%,1.11%,1.77%,1.20%,1.19%,1.50%,0.92%,0.42%
8/31/2024,2.54%,2.41%,3.25%,1.61%,2.64%,3.34%,2.43%,2.18%,-1.49%,2.37%,2.08%,2.68%,2.03%,0.05%,6.32%,0.27%,0.43%,0.83%,1.44%,1.55%,1.57%,1.27%,1.58%,0.78%,0.96%,0.48%
7/31/2024,1.61%,1.26%,2.93%,0.30%,1.76%,3.14%,1.22%,1.86%,10.16%,1.46%,-1.70%,5.11%,4.51%,-4.04%,5.85%,0.52%,0.49%,0.83%,2.34%,1.64%,2.38%,2.17%,2.58%,1.78%,1.27%,0.45%
6/30/2024,2.23%,3.58%,-1.61%,3.94%,2.03%,-1.66%,3.59%,3.10%,-0.93%,3.31%,6.74%,-0.94%,1.23%,-1.54%,2.73%,0.03%,0.30%,0.85%,0.95%,1.01%,0.64%,1.00%,1.15%,0.78%,0.48%,0.41%
5/31/2024,4.06%,4.78%,3.87%,0.56%,4.47%,3.82%,4.96%,4.72%,5.02%,4.71%,5.99%,3.17%,2.58%,1.76%,4.79%,0.55%,0.79%,1.28%,1.70%,1.10%,1.87%,1.45%,1.95%,1.72%,0.80%,0.48%
4/30/2024,-3.30%,-4.13%,-2.56%,0.45%,-3.71%,-2.65%,-4.08%,-4.40%,-7.04%,-4.26%,-4.24%,-4.27%,-4.92%,2.69%,-7.33%,0.21%,-0.44%,-1.24%,-2.53%,-0.91%,-2.54%,-2.30%,-2.91%,-1.69%,-0.23%,0.43%
3/31/2024,3.14%,3.18%,3.29%,2.48%,3.21%,3.37%,3.22%,3.23%,3.58%,3.21%,1.76%,5.00%,2.21%,3.31%,1.91%,1.12%,1.65%,1.76%,0.92%,1.17%,1.29%,0.64%,1.04%,0.82%,0.54%,0.46%
2/29/2024,4.29%,5.37%,1.83%,4.76%,4.24%,1.71%,5.34%,5.41%,5.65%,5.40%,6.82%,3.69%,2.50%,-1.47%,1.84%,0.92%,1.75%,2.75%,-1.41%,0.02%,-1.50%,-1.30%,-1.56%,-1.07%,-0.21%,0.42%
1/31/2024,0.59%,1.56%,0.58%,-4.64%,1.20%,0.43%,1.68%,1.11%,-3.89%,1.39%,2.49%,0.10%,1.31%,0.40%,-3.99%,0.55%,0.72%,0.45%,-0.27%,0.07%,-0.17%,-0.27%,-0.38%,0.18%,0.46%,0.44%
12/31/2023,4.80%,4.71%,5.31%,3.91%,4.91%,5.47%,4.54%,5.30%,12.22%,4.94%,4.43%,5.54%,4.93%,-2.69%,9.99%,1.33%,2.11%,3.21%,3.83%,3.40%,4.34%,3.33%,4.20%,2.69%,1.33%,0.47%
11/30/2023,9.23%,9.43%,9.28%,8.00%,9.38%,9.40%,9.13%,9.32%,9.05%,9.34%,10.90%,7.54%,9.15%,-2.25%,10.77%,1.03%,2.12%,3.79%,4.53%,4.55%,5.98%,3.44%,5.02%,2.71%,1.51%,0.44%
10/31/2023,-3.01%,-2.30%,-4.05%,-3.89%,-2.90%,-4.22%,-2.10%,-2.65%,-6.82%,-2.42%,-1.42%,-3.53%,-1.26%,0.27%,-4.54%,-0.43%,-1.08%,-2.03%,-1.58%,-0.85%,-1.87%,-1.18%,-1.96%,-0.72%,0.23%,0.45%
9/30/2023,-4.14%,-4.69%,-3.42%,-2.62%,-4.31%,-3.37%,-4.77%,-4.76%,-5.89%,-4.70%,-5.44%,-3.86%,-3.42%,-0.69%,-6.99%,0.39%,-0.42%,-1.48%,-2.54%,-1.25%,-2.67%,-2.17%,-3.02%,-1.85%,-0.11%,0.46%
8/31/2023,-2.79%,-1.69%,-3.83%,-6.16%,-2.39%,-3.87%,-1.59%,-1.93%,-5.00%,-1.75%,-0.90%,-2.70%,-2.01%,-0.77%,-3.17%,0.47%,-0.14%,-0.79%,-0.64%,0.17%,-0.78%,-0.50%,-0.76%,-0.89%,0.24%,0.45%
7/31/2023,3.66%,3.44%,3.24%,6.23%,3.36%,3.24%,3.21%,3.58%,6.12%,3.44%,3.37%,3.52%,3.44%,6.26%,2.88%,0.61%,1.11%,2.00%,-0.07%,1.26%,0.34%,-0.34%,-0.05%,0.13%,0.64%,0.41%
6/30/2023,5.81%,6.67%,4.55%,3.80%,6.05%,4.75%,6.61%,6.83%,8.13%,6.75%,6.84%,6.64%,4.68%,4.04%,5.14%,0.82%,1.18%,1.77%,-0.36%,1.46%,0.41%,-0.74%,-0.45%,-0.34%,-0.10%,0.45%
5/31/2023,-1.07%,0.65%,-4.23%,-1.68%,-1.00%,-4.36%,0.43%,0.39%,-0.92%,0.47%,4.56%,-3.86%,-3.17%,-5.64%,-2.75%,-0.03%,0.06%,-0.07%,-1.09%,-0.95%,-1.45%,-1.14%,-0.72%,-1.20%,-0.19%,0.40%
4/30/2023,1.44%,1.27%,2.82%,-1.13%,1.75%,2.84%,1.56%,1.07%,-1.80%,1.24%,0.99%,1.51%,2.57%,-0.75%,0.69%,0.26%,0.28%,0.31%,0.61%,0.85%,0.77%,0.53%,0.54%,0.11%,0.56%,0.36%
3/31/2023,3.08%,3.55%,2.48%,3.03%,3.09%,2.22%,3.67%,2.67%,-4.78%,3.16%,6.84%,-0.46%,2.08%,-0.21%,-2.61%,-0.51%,-0.69%,-0.46%,2.54%,1.41%,2.78%,2.87%,1.89%,2.89%,0.89%,0.42%
2/28/2023,-2.87%,-2.39%,-2.09%,-6.48%,-2.40%,-2.33%,-2.44%,-2.34%,-1.69%,-2.38%,-1.19%,-3.53%,-3.94%,-4.70%,-4.95%,0.30%,-0.55%,-1.59%,-2.59%,-1.47%,-3.18%,-2.31%,-2.57%,-1.37%,-0.67%,0.35%
1/31/2023,7.17%,6.58%,8.10%,7.90%,7.08%,8.20%,6.28%,6.89%,9.75%,6.70%,8.33%,5.18%,2.93%,-0.49%,11.02%,1.13%,2.01%,3.37%,3.08%,3.52%,4.01%,2.48%,3.23%,1.83%,1.02%,0.31%
12/31/2022,-3.94%,-5.88%,0.08%,-1.41%,-4.25%,-0.48%,-5.76%,-5.86%,-6.49%,-5.81%,-7.66%,-4.03%,-4.09%,-2.45%,-5.28%,0.73%,0.35%,0.11%,-0.45%,-0.59%,-0.44%,-0.50%,-0.39%,-1.02%,0.25%,0.38%
11/30/2022,7.76%,5.44%,11.26%,14.83%,6.95%,10.65%,5.59%,5.22%,2.34%,5.41%,4.56%,6.25%,6.04%,2.74%,5.81%,0.29%,0.94%,2.56%,3.68%,2.37%,5.18%,2.64%,3.94%,1.83%,1.35%,0.31%
10/31/2022,6.03%,7.94%,5.38%,-3.10%,7.18%,5.51%,8.10%,8.20%,11.01%,8.02%,5.84%,10.25%,14.07%,1.99%,4.49%,0.43%,0.43%,0.17%,-1.30%,2.74%,-1.03%,-1.37%,-1.43%,1.24%,-0.20%,0.19%
9/30/2022,-9.57%,-9.27%,-9.35%,-11.72%,-9.30%,-9.26%,-9.21%,-9.27%,-9.58%,-9.25%,-9.72%,-8.77%,-8.76%,-8.11%,-12.30%,-0.44%,-1.64%,-3.66%,-4.32%,-3.79%,-5.26%,-3.41%,-4.88%,-6.62%,-1.41%,0.22%
8/31/2022,-3.68%,-3.92%,-4.75%,0.42%,-4.18%,-4.67%,-4.08%,-3.73%,-2.05%,-3.84%,-4.66%,-2.98%,-3.72%,0.09%,-6.25%,0.26%,0.55%,0.33%,-2.83%,-2.65%,-2.93%,-2.46%,-3.33%,-2.66%,-0.70%,0.18%
7/31/2022,6.98%,9.33%,4.98%,-0.25%,7.94%,4.97%,9.22%,9.38%,10.44%,9.31%,12.00%,6.63%,6.82%,4.26%,8.93%,0.39%,0.76%,1.48%,2.44%,6.04%,3.24%,1.58%,3.09%,4.35%,0.89%,0.08%
6/30/2022,-8.43%,-8.28%,-9.28%,-6.64%,-8.66%,-9.41%,-8.25%,-8.37%,-8.22%,-8.38%,-7.92%,-8.74%,-6.56%,-10.77%,-7.76%,-1.13%,-1.33%,-1.72%,-1.57%,-6.69%,-2.80%,-0.87%,-1.53%,-3.16%,-0.98%,0.05%
5/31/2022,0.12%,-0.22%,0.75%,0.44%,0.08%,0.83%,0.18%,-0.13%,0.15%,-0.15%,-2.32%,1.94%,0.33%,1.52%,-6.89%,-0.56%,-1.47%,-2.17%,0.64%,0.62%,0.93%,0.19%,1.04%,-0.99%,0.70%,0.05%
4/30/2022,-8.00%,-9.07%,-6.47%,-5.56%,-8.31%,-6.57%,-8.72%,-8.97%,-9.91%,-8.91%,-12.08%,-5.64%,-4.82%,4.14%,-4.65%,-0.02%,-1.21%,-3.07%,-3.79%,-3.52%,-5.47%,-3.05%,-3.40%,-2.04%,-0.74%,0.02%
3/31/2022,2.17%,3.52%,0.64%,-2.26%,2.74%,1.16%,3.71%,3.24%,1.24%,3.37%,3.91%,2.82%,2.49%,8.65%,6.71%,0.42%,0.38%,-0.10%,-2.78%,-1.15%,-2.52%,-3.09%,-2.61%,-1.86%,-1.18%,0.02%
2/28/2022,-2.58%,-2.93%,-1.77%,-2.99%,-2.53%,-1.56%,-2.99%,-2.52%,1.07%,-2.74%,-4.25%,-1.16%,-3.29%,6.23%,-3.53%,0.02%,-0.59%,-1.26%,-1.12%,-1.04%,-2.00%,-0.66%,-0.98%,0.85%,-0.54%,0.01%
1/31/2022,-4.91%,-5.66%,-4.83%,-1.89%,-5.29%,-4.41%,-5.17%,-5.88%,-9.63%,-5.64%,-8.58%,-2.33%,-3.24%,8.78%,-6.46%,-0.29%,-2.55%,-4.80%,-2.15%,-2.82%,-3.37%,-1.87%,-1.48%,-2.02%,-0.78%,0.00%
12/31/2021,4.00%,3.95%,5.12%,1.88%,4.27%,5.08%,4.48%,3.94%,2.23%,4.05%,2.11%,6.31%,5.53%,3.53%,9.01%,0.67%,0.34%,0.15%,-0.26%,1.87%,-0.08%,-0.51%,-0.09%,0.32%,0.02%,0.01%
11/30/2021,-2.41%,-1.01%,-4.65%,-4.08%,-2.19%,-4.68%,-0.69%,-1.52%,-4.17%,-1.34%,0.61%,-3.52%,-3.50%,-7.31%,-0.60%,-0.62%,-1.46%,-1.95%,0.30%,-0.94%,0.06%,0.74%,-0.09%,0.89%,-0.21%,0.01%
10/31/2021,5.10%,6.97%,2.46%,0.99%,5.66%,2.98%,7.01%,6.76%,4.25%,6.94%,8.66%,5.08%,5.93%,2.58%,8.18%,0.65%,1.57%,2.34%,-0.03%,-0.16%,0.25%,-0.08%,-0.21%,1.13%,-0.34%,0.00%
9/30/2021,-4.13%,-4.72%,-2.90%,-3.97%,-4.15%,-2.87%,-4.65%,-4.49%,-2.95%,-4.59%,-5.60%,-3.48%,-4.20%,4.98%,-5.52%,0.64%,0.13%,-0.36%,-0.87%,-0.08%,-1.05%,-1.06%,-0.39%,-0.71%,-0.02%,0.00%
8/31/2021,2.50%,2.95%,1.76%,2.62%,2.49%,1.60%,3.04%,2.85%,2.24%,2.89%,3.74%,1.98%,1.50%,-0.30%,1.75%,0.61%,1.25%,1.90%,-0.19%,0.51%,-0.30%,-0.17%,-0.16%,-0.18%,0.03%,0.00%
7/31/2021,0.69%,2.36%,0.75%,-6.73%,1.79%,0.66%,2.38%,1.69%,-3.61%,2.08%,3.30%,0.80%,1.34%,1.84%,5.32%,-0.27%,-0.64%,-1.37%,1.12%,0.48%,1.37%,1.34%,0.64%,2.67%,0.15%,0.00%
6/30/2021,1.32%,2.78%,-1.13%,0.17%,1.49%,-1.02%,2.33%,2.47%,1.94%,2.51%,6.27%,-1.15%,0.02%,1.85%,2.30%,0.34%,0.56%,0.95%,0.70%,1.28%,1.63%,0.62%,-0.02%,0.61%,-0.11%,0.00%
5/31/2021,1.56%,0.48%,3.26%,2.32%,1.44%,3.48%,0.70%,0.46%,0.21%,0.47%,-1.38%,2.33%,2.21%,2.73%,0.90%,0.40%,0.17%,0.11%,0.33%,0.22%,0.77%,0.34%,-0.11%,1.21%,0.20%,0.00%
4/30/2021,4.37%,5.44%,3.01%,2.49%,4.65%,3.15%,5.34%,5.15%,2.10%,5.38%,6.80%,4.00%,2.78%,8.29%,8.28%,1.42%,2.14%,2.76%,0.79%,1.04%,1.11%,0.74%,0.58%,1.40%,0.18%,0.00%
3/31/2021,2.67%,3.76%,2.30%,-1.51%,3.33%,2.55%,4.38%,3.58%,1.00%,3.78%,1.72%,5.88%,6.78%,-2.15%,4.64%,0.78%,-0.12%,-1.16%,-1.25%,0.01%,-1.72%,-1.51%,-0.55%,-0.19%,-0.10%,0.01%
2/28/2021,2.32%,2.61%,2.24%,0.76%,2.56%,2.55%,2.76%,3.13%,6.23%,2.90%,-0.02%,6.04%,3.43%,6.47%,5.33%,2.39%,2.83%,2.99%,-1.44%,0.23%,-1.72%,-1.77%,-0.70%,-1.61%,0.05%,0.01%
1/31/2021,-0.45%,-0.93%,-1.07%,3.07%,-0.99%,-1.07%,-1.01%,-0.44%,5.03%,-0.82%,-0.74%,-0.92%,-1.95%,2.63%,-0.20%,0.40%,-0.66%,-0.14%,-0.72%,0.10%,-1.28%,-0.92%,0.07%,0.33%,0.03%,0.01%
12/31/2020,4.64%,4.12%,4.65%,7.35%,4.24%,4.55%,3.84%,4.50%,8.65%,4.23%,4.60%,3.83%,3.41%,4.97%,3.24%,2.73%,3.71%,4.36%,0.14%,1.60%,0.44%,-0.22%,0.25%,1.15%,0.20%,0.01%
11/30/2020,12.33%,11.57%,15.50%,9.25%,12.79%,15.34%,10.95%,12.17%,18.43%,11.78%,10.24%,13.45%,12.14%,3.51%,12.28%,2.70%,3.91%,5.52%,0.98%,3.54%,2.79%,0.34%,0.12%,1.12%,0.29%,0.01%
10/31/2020,-2.43%,-2.60%,-3.99%,2.06%,-3.07%,-3.93%,-2.66%,-2.16%,2.09%,-2.41%,-3.40%,-1.31%,-4.52%,1.41%,-2.59%,0.32%,0.31%,0.60%,-0.45%,0.49%,-0.18%,-0.92%,-0.07%,-0.65%,0.18%,0.01%
9/30/2020,-3.22%,-3.73%,-2.60%,-1.60%,-3.45%,-2.82%,-3.80%,-3.64%,-3.34%,-3.65%,-4.70%,-2.46%,-2.18%,-3.35%,-3.10%,-0.01%,-0.17%,-0.52%,-0.05%,-1.22%,-0.29%,0.14%,-0.07%,-0.37%,-0.04%,0.01%
8/31/2020,6.12%,7.51%,5.14%,2.21%,6.68%,5.16%,7.19%,7.24%,5.63%,7.34%,10.32%,4.13%,7.92%,6.76%,0.70%,1.16%,2.14%,3.24%,-0.81%,0.76%,-1.38%,-1.06%,0.05%,1.09%,0.20%,0.01%
7/31/2020,5.29%,5.94%,2.33%,8.94%,4.78%,2.66%,5.64%,5.68%,2.77%,5.86%,7.69%,3.95%,2.51%,5.71%,3.33%,1.50%,2.25%,3.07%,1.49%,4.68%,3.25%,1.12%,0.26%,2.30%,0.45%,0.02%
6/30/2020,3.20%,2.28%,3.40%,7.35%,2.65%,3.42%,1.99%,2.29%,3.53%,2.21%,4.35%,-0.66%,1.82%,2.28%,1.84%,1.73%,1.97%,2.71%,0.63%,0.70%,1.96%,0.10%,0.05%,1.12%,0.68%,0.01%
5/31/2020,4.35%,5.20%,4.35%,0.77%,4.83%,4.25%,4.76%,5.35%,6.51%,5.28%,6.71%,3.43%,4.66%,4.34%,-0.63%,2.00%,2.30%,2.82%,0.47%,4.14%,1.56%,-0.24%,0.20%,0.30%,1.09%,0.01%
4/30/2020,10.71%,13.15%,6.46%,9.16%,10.92%,6.97%,12.82%,13.24%,13.74%,13.21%,14.80%,11.24%,11.22%,-1.54%,7.83%,1.74%,3.40%,5.01%,1.78%,5.23%,5.24%,0.63%,0.69%,2.78%,2.25%,0.00%
3/31/2020,-13.50%,-12.68%,-13.35%,-15.40%,-13.23%,-14.12%,-12.35%,-13.75%,-21.73%,-13.21%,-9.84%,-17.09%,-13.62%,-12.81%,-22.28%,-6.78%,-7.63%,-9.70%,-0.59%,-10.31%,-7.09%,2.84%,0.70%,-1.76%,-2.65%,0.20%
2/29/2020,-8.08%,-8.15%,-9.04%,-5.27%,-8.45%,-8.88%,-8.23%,-8.19%,-8.42%,-8.17%,-6.81%,-9.68%,-9.75%,-5.04%,-8.41%,-0.92%,-1.53%,-2.26%,1.80%,-1.32%,1.34%,2.62%,1.10%,1.38%,0.60%,0.13%
1/31/2020,-1.10%,0.20%,-2.09%,-4.66%,-0.61%,-1.94%,-0.04%,-0.11%,-3.21%,0.11%,2.24%,-2.15%,-0.89%,-7.36%,0.42%,0.48%,0.28%,-0.15%,1.92%,0.08%,2.34%,2.42%,0.83%,2.10%,0.54%,0.13%
12/31/2019,3.52%,2.93%,3.25%,7.46%,3.00%,3.19%,3.02%,2.89%,2.88%,2.89%,3.02%,2.75%,1.87%,5.04%,-0.94%,1.03%,1.63%,2.19%,-0.07%,1.52%,0.32%,-0.55%,0.24%,0.38%,0.35%,0.14%
11/30/2019,2.44%,3.76%,1.13%,-0.14%,2.79%,1.25%,3.63%,3.80%,4.12%,3.78%,4.44%,3.09%,4.11%,-2.56%,-1.35%,0.43%,0.92%,1.19%,-0.05%,0.63%,0.25%,-0.29%,0.05%,0.15%,0.08%,0.13%
10/31/2019,2.74%,2.18%,3.59%,4.22%,2.54%,3.23%,2.17%,2.15%,2.63%,2.12%,2.82%,1.40%,0.59%,2.02%,1.07%,0.16%,0.50%,1.08%,0.30%,0.35%,0.61%,0.07%,0.35%,0.26%,0.43%,0.17%
9/30/2019,2.10%,1.78%,2.87%,1.91%,2.13%,2.81%,1.87%,1.76%,2.08%,1.73%,0.01%,3.57%,2.05%,1.17%,2.71%,-0.06%,-0.45%,-0.29%,-0.53%,0.44%,-0.65%,-0.83%,0.02%,-1.36%,0.11%,0.17%
8/31/2019,-2.37%,-1.74%,-2.59%,-4.88%,-2.05%,-2.46%,-1.58%,-2.04%,-4.94%,-1.83%,-0.77%,-2.94%,-1.32%,-2.32%,2.37%,-0.23%,-0.77%,-1.51%,2.59%,0.80%,3.14%,3.36%,1.00%,2.38%,0.77%,0.19%
7/31/2019,0.29%,1.54%,-1.27%,-1.22%,0.50%,-1.21%,1.44%,1.49%,0.58%,1.55%,2.26%,0.83%,1.12%,-0.67%,1.60%,0.24%,0.27%,0.07%,0.22%,0.61%,0.56%,-0.11%,0.38%,0.36%,0.08%,0.18%
6/30/2019,6.55%,7.02%,5.93%,6.24%,6.59%,5.94%,7.05%,7.02%,7.07%,7.02%,6.87%,7.18%,7.31%,2.69%,1.36%,0.73%,1.55%,2.10%,1.26%,2.49%,2.45%,0.92%,0.73%,0.86%,0.69%,0.20%
5/31/2019,-5.93%,-6.32%,-4.80%,-7.26%,-5.77%,-4.73%,-6.35%,-6.47%,-7.78%,-6.37%,-6.32%,-6.43%,-6.32%,-3.36%,-0.34%,-0.23%,-0.96%,-1.72%,1.78%,-0.93%,1.43%,2.33%,1.34%,1.65%,0.54%,0.23%
4/30/2019,3.38%,4.01%,2.81%,2.11%,3.55%,2.83%,4.05%,3.99%,3.40%,4.04%,4.52%,3.55%,2.66%,-0.42%,-0.19%,0.97%,0.91%,0.95%,0.03%,1.32%,0.54%,-0.27%,-0.04%,0.33%,0.30%,0.19%
3/31/2019,1.26%,1.85%,0.63%,0.84%,1.31%,0.51%,1.94%,1.46%,-2.09%,1.74%,2.85%,0.64%,0.17%,-0.18%,2.88%,0.45%,0.91%,1.41%,1.92%,1.07%,2.51%,1.89%,1.46%,1.84%,0.74%,0.22%
2/28/2019,2.67%,3.35%,2.55%,0.22%,3.01%,2.57%,3.21%,3.52%,5.20%,3.39%,3.58%,3.20%,4.03%,1.01%,0.96%,0.82%,1.06%,1.36%,-0.06%,1.65%,0.22%,-0.26%,-0.05%,-0.01%,0.31%,0.18%
1/31/2019,7.90%,8.22%,6.57%,8.76%,7.78%,7.14%,8.01%,8.58%,11.25%,8.38%,8.99%,7.78%,7.29%,5.45%,11.41%,1.84%,2.56%,3.33%,1.06%,4.36%,2.35%,0.47%,0.80%,1.35%,0.77%,0.20%
12/31/2018,-7.04%,-9.01%,-4.85%,-2.65%,-7.60%,-5.17%,-9.03%,-9.31%,-11.88%,-9.11%,-8.60%,-9.60%,-8.59%,-6.89%,-8.59%,-0.87%,-1.65%,-2.52%,1.84%,-1.73%,1.47%,2.13%,1.78%,0.55%,0.70%,0.19%
11/30/2018,1.46%,1.95%,-0.13%,4.12%,1.14%,-0.09%,2.04%,2.00%,1.59%,2.04%,1.06%,2.99%,2.11%,-0.56%,4.85%,-0.89%,-0.44%,0.01%,0.60%,-0.49%,-0.17%,0.88%,0.88%,0.48%,0.06%,0.19%
10/31/2018,-7.49%,-6.94%,-7.96%,-8.71%,-7.34%,-7.95%,-6.84%,-7.36%,-10.86%,-7.08%,-8.94%,-5.18%,-4.98%,-2.16%,-2.55%,-1.52%,-2.92%,-4.06%,-0.79%,-1.42%,-1.46%,-0.47%,-0.61%,-1.43%,0.02%,0.17%
9/30/2018,0.44%,0.46%,0.87%,-0.53%,0.56%,0.78%,0.57%,0.17%,-2.41%,0.38%,0.56%,0.20%,1.97%,1.92%,-2.73%,0.34%,-0.20%,-0.78%,-0.64%,0.43%,-0.36%,-0.91%,-0.60%,-1.05%,0.05%,0.15%
8/31/2018,0.79%,3.31%,-1.93%,-2.70%,1.24%,-1.89%,3.26%,3.51%,4.31%,3.45%,5.47%,1.48%,2.56%,-1.77%,2.98%,0.32%,0.23%,-0.08%,0.64%,0.80%,0.49%,0.76%,0.63%,0.72%,0.41%,0.18%
7/31/2018,3.02%,3.59%,2.46%,2.20%,3.12%,2.46%,3.72%,3.32%,1.74%,3.45%,2.94%,3.96%,4.83%,-2.13%,0.55%,0.12%,0.21%,0.25%,0.02%,1.05%,0.83%,-0.41%,-0.10%,-0.48%,0.23%,0.15%
6/30/2018,-0.54%,0.68%,-1.22%,-4.15%,-0.05%,-1.10%,0.62%,0.65%,0.72%,0.65%,0.96%,0.25%,-0.49%,-3.50%,4.24%,0.05%,-0.46%,-0.93%,-0.12%,0.26%,-0.58%,0.02%,0.04%,0.40%,-0.01%,0.16%
5/31/2018,0.12%,2.44%,-2.25%,-3.54%,0.63%,-1.90%,2.41%,2.82%,6.07%,2.55%,4.38%,0.59%,1.41%,1.42%,3.98%,0.56%,0.72%,0.86%,0.71%,-0.18%,0.54%,0.89%,0.70%,0.43%,0.39%,0.15%
4/30/2018,0.95%,0.40%,2.28%,-0.44%,1.15%,2.30%,0.38%,0.38%,0.86%,0.34%,0.35%,0.33%,0.34%,2.58%,1.48%,0.47%,0.20%,0.07%,-0.74%,0.52%,-0.93%,-0.80%,-0.51%,-0.06%,0.10%,0.13%
3/31/2018,-2.14%,-2.44%,-1.80%,-1.86%,-2.18%,-1.73%,-2.54%,-2.01%,1.29%,-2.27%,-2.74%,-1.76%,-3.59%,-0.62%,3.88%,0.05%,-0.49%,-0.83%,0.64%,-0.54%,0.25%,0.93%,0.61%,1.05%,0.03%,0.14%
2/28/2018,-4.20%,-3.67%,-4.51%,-4.61%,-4.14%,-4.75%,-3.69%,-3.69%,-3.87%,-3.67%,-2.62%,-4.78%,-3.96%,-1.73%,-7.20%,-0.76%,-1.53%,-1.45%,-0.95%,-0.92%,-1.62%,-0.74%,-0.65%,-0.97%,-0.23%,0.10%
1/31/2018,5.64%,5.74%,5.02%,8.33%,5.28%,4.66%,5.73%,5.27%,2.61%,5.49%,7.08%,3.87%,5.88%,1.99%,-3.96%,1.28%,2.33%,2.74%,-1.15%,0.36%,-0.96%,-1.33%,-1.15%,-0.86%,-0.18%,0.10%
12/31/2017,1.61%,1.08%,1.61%,3.59%,1.35%,1.80%,1.11%,1.00%,-0.40%,1.11%,0.78%,1.46%,1.92%,2.99%,0.03%,0.53%,0.92%,1.18%,0.46%,0.21%,0.91%,0.30%,0.32%,0.92%,0.11%,0.10%
11/30/2017,1.94%,3.04%,1.05%,0.20%,2.17%,1.01%,3.07%,3.04%,2.88%,3.05%,3.04%,3.06%,4.24%,-0.46%,3.07%,-0.18%,-0.02%,0.19%,-0.13%,-0.26%,-0.15%,-0.14%,-0.15%,0.13%,-0.24%,0.08%
10/31/2017,2.08%,2.29%,1.52%,3.51%,1.89%,1.37%,2.33%,2.18%,0.85%,2.29%,3.87%,0.73%,4.44%,2.14%,-1.09%,0.80%,1.15%,1.11%,0.06%,0.45%,0.40%,-0.11%,0.00%,0.21%,0.09%,0.08%
9/30/2017,1.93%,2.04%,2.49%,-0.40%,2.24%,2.59%,2.06%,2.44%,6.24%,2.13%,1.30%,2.96%,2.16%,-0.15%,0.27%,0.37%,0.44%,0.52%,-0.48%,0.77%,-0.17%,-0.84%,-0.27%,-0.64%,0.00%,0.09%
8/31/2017,0.38%,0.33%,-0.04%,2.23%,0.14%,-0.02%,0.31%,0.19%,-1.27%,0.31%,1.83%,-1.16%,0.65%,0.40%,-0.79%,0.49%,0.83%,0.76%,0.90%,0.08%,0.78%,1.06%,0.75%,1.06%,0.19%,0.09%
7/31/2017,2.79%,2.04%,2.88%,5.96%,2.39%,2.98%,2.06%,1.89%,0.74%,1.98%,2.66%,1.33%,2.68%,2.26%,0.92%,0.46%,1.02%,1.47%,0.43%,1.03%,0.73%,0.17%,0.46%,0.45%,0.40%,0.07%
6/30/2017,0.45%,0.63%,-0.18%,1.01%,0.38%,0.09%,0.62%,0.90%,3.46%,0.70%,-0.26%,1.63%,1.74%,-0.19%,2.45%,-0.15%,-0.02%,0.44%,-0.10%,0.19%,0.31%,-0.16%,-0.39%,-0.95%,0.07%,0.08%
5/31/2017,2.21%,1.36%,3.67%,2.96%,2.12%,3.33%,1.41%,1.02%,-2.03%,1.28%,2.60%,-0.10%,0.71%,-1.33%,-0.55%,0.08%,0.32%,0.56%,0.77%,0.76%,1.15%,0.64%,0.63%,-0.04%,0.25%,0.05%
4/30/2017,1.56%,1.08%,2.54%,2.19%,1.48%,2.13%,1.03%,1.06%,1.10%,1.06%,2.29%,-0.19%,1.45%,-1.51%,-0.24%,0.45%,0.51%,0.72%,0.77%,1.24%,1.07%,0.68%,0.65%,0.59%,0.27%,0.06%
3/31/2017,1.22%,0.14%,2.75%,2.52%,1.07%,2.54%,0.12%,0.07%,0.13%,0.06%,1.16%,-1.02%,-0.60%,-2.66%,-2.81%,0.27%,0.45%,0.86%,-0.05%,-0.15%,-0.23%,-0.04%,0.03%,-0.05%,0.06%,0.03%
2/28/2017,2.81%,3.93%,1.43%,3.06%,2.77%,1.15%,3.97%,3.72%,1.93%,3.87%,4.15%,3.59%,5.17%,0.21%,3.50%,0.38%,0.90%,1.21%,0.67%,1.17%,1.15%,0.48%,0.46%,0.47%,0.32%,0.04%
1/31/2017,2.73%,2.07%,2.90%,5.47%,2.41%,2.98%,1.90%,1.88%,0.39%,2.01%,3.37%,0.71%,0.62%,0.14%,-0.86%,0.55%,1.01%,1.68%,0.20%,1.22%,0.31%,0.23%,0.01%,0.84%,0.31%,0.04%
12/31/2016,2.16%,1.87%,3.42%,0.22%,2.39%,3.27%,1.98%,1.95%,2.80%,1.88%,1.24%,2.50%,3.44%,1.80%,4.69%,0.80%,0.89%,0.64%,0.14%,1.53%,0.67%,-0.11%,-0.03%,-0.10%,0.15%,0.04%
11/30/2016,0.76%,3.61%,-1.99%,-4.60%,1.44%,-1.60%,3.70%,4.48%,11.15%,3.94%,2.18%,5.71%,5.88%,1.33%,-1.35%,0.57%,0.26%,-0.03%,-2.37%,-0.61%,-2.68%,-2.59%,-1.70%,-1.92%,-0.39%,0.02%
10/31/2016,-1.70%,-1.90%,-2.05%,0.24%,-1.94%,-1.94%,-1.82%,-2.16%,-4.75%,-1.95%,-2.35%,-1.55%,-0.79%,-0.49%,-5.63%,0.26%,-0.28%,-0.37%,-0.76%,0.21%,-0.81%,-1.06%,-0.29%,-0.40%,0.06%,0.01%
9/30/2016,0.61%,0.11%,1.23%,1.29%,0.53%,1.22%,0.02%,0.16%,1.11%,0.08%,0.37%,-0.21%,-0.41%,3.13%,-2.06%,0.39%,0.33%,0.65%,-0.06%,0.42%,-0.25%,-0.12%,0.25%,0.55%,0.09%,0.03%
8/31/2016,0.34%,0.15%,0.07%,2.49%,0.08%,0.09%,0.14%,0.26%,1.77%,0.13%,-0.50%,0.77%,0.26%,-1.76%,-3.38%,0.51%,0.44%,0.74%,-0.11%,1.84%,0.20%,-0.53%,0.10%,-0.45%,0.02%,0.02%
7/31/2016,4.31%,3.80%,5.07%,5.03%,4.22%,4.92%,3.69%,3.97%,5.97%,3.81%,4.72%,2.90%,2.94%,-5.11%,4.37%,0.93%,1.51%,2.00%,0.63%,2.62%,1.46%,0.39%,0.24%,0.87%,0.21%,0.02%
6/30/2016,-0.61%,0.26%,-3.36%,4.00%,-1.12%,-3.04%,0.26%,0.21%,-0.06%,0.23%,-0.39%,0.86%,0.95%,4.13%,6.47%,-0.46%,-0.47%,-0.66%,1.80%,0.74%,2.25%,2.14%,0.86%,2.08%,0.64%,0.03%
5/31/2016,0.13%,1.83%,-0.91%,-3.73%,0.56%,-1.13%,1.80%,1.79%,2.25%,1.75%,1.94%,1.55%,0.49%,-0.19%,2.01%,0.57%,0.50%,0.65%,0.03%,0.27%,-0.08%,0.00%,0.13%,-0.71%,0.00%,0.01%
4/30/2016,1.48%,0.49%,2.90%,0.54%,1.58%,3.22%,0.39%,0.62%,1.57%,0.54%,-0.91%,2.10%,0.62%,8.51%,-2.93%,0.41%,0.52%,0.78%,0.38%,3.11%,1.37%,-0.10%,0.18%,0.35%,0.41%,0.01%
3/31/2016,7.41%,6.85%,6.51%,13.23%,6.79%,6.79%,6.78%,7.04%,7.98%,6.97%,6.74%,7.20%,7.22%,3.82%,10.49%,0.16%,0.73%,1.99%,0.92%,3.53%,2.77%,0.16%,0.35%,1.80%,0.89%,0.04%
2/29/2016,-0.69%,-0.21%,-1.83%,-0.16%,-0.74%,-1.40%,-0.13%,-0.03%,0.00%,-0.03%,-0.04%,-0.03%,0.75%,-1.63%,-0.93%,-0.88%,-1.20%,-1.78%,0.71%,0.92%,0.81%,0.86%,0.40%,1.11%,0.02%,0.02%
1/31/2016,-6.03%,-5.32%,-7.23%,-6.49%,-5.98%,-6.88%,-4.96%,-5.64%,-8.79%,-5.38%,-5.58%,-5.17%,-5.39%,-1.68%,-3.99%,-1.37%,-2.66%,-4.49%,1.38%,-1.21%,0.35%,2.08%,1.31%,1.48%,0.25%,0.00%
12/31/2015,-1.80%,-1.68%,-1.35%,-2.23%,-1.76%,-1.79%,-1.58%,-2.05%,-5.02%,-1.80%,-1.47%,-2.15%,-1.52%,-3.09%,2.15%,-0.45%,-0.42%,-0.03%,-0.32%,-2.15%,-0.78%,-0.17%,-0.09%,-0.79%,-0.21%,0.01%
11/30/2015,-0.83%,0.35%,-1.56%,-3.90%,-0.50%,-1.59%,0.30%,0.55%,3.25%,0.33%,0.28%,0.38%,0.71%,-7.25%,-0.54%,0.15%,0.30%,-0.03%,-0.26%,-1.81%,-0.22%,-0.40%,-0.14%,-0.10%,-0.07%,0.00%
10/31/2015,7.85%,8.25%,7.82%,7.13%,7.92%,7.52%,8.44%,7.90%,5.63%,8.09%,8.61%,7.55%,8.59%,-0.45%,5.86%,0.30%,0.85%,1.56%,0.02%,3.03%,0.42%,-0.35%,0.05%,0.25%,0.14%,0.00%
9/30/2015,-3.62%,-2.65%,-5.08%,-3.01%,-3.69%,-5.05%,-2.47%,-2.91%,-4.91%,-2.74%,-2.47%,-3.02%,-1.35%,-3.42%,3.30%,-1.19%,-1.83%,-2.40%,0.68%,-2.46%,0.75%,0.85%,0.62%,-0.59%,0.39%,0.00%
8/31/2015,-6.86%,-6.07%,-7.36%,-9.04%,-6.62%,-7.28%,-6.03%,-6.04%,-6.28%,-6.02%,-6.07%,-5.96%,-6.20%,-0.92%,-5.87%,-0.97%,-2.00%,-2.99%,-0.14%,-1.55%,-0.59%,0.04%,0.06%,-0.76%,-0.16%,0.01%
7/31/2015,0.87%,2.00%,2.08%,-6.93%,1.80%,1.59%,2.10%,1.67%,-1.16%,1.93%,3.39%,0.44%,0.52%,-10.62%,5.93%,0.36%,0.19%,-0.39%,0.70%,-0.29%,0.68%,0.80%,0.62%,0.21%,0.07%,0.00%
6/30/2015,-2.35%,-1.89%,-2.83%,-2.60%,-2.33%,-2.84%,-1.94%,-1.67%,0.75%,-1.88%,-1.76%,-2.00%,-2.06%,1.73%,-4.42%,-0.58%,-1.04%,-1.02%,-1.09%,-1.44%,-1.84%,-0.85%,-0.76%,-0.97%,-0.20%,0.00%
5/31/2015,-0.13%,1.33%,-0.51%,-4.00%,0.34%,-0.87%,1.29%,1.38%,2.28%,1.31%,1.41%,1.20%,1.35%,-2.70%,-0.06%,0.67%,1.00%,1.35%,-0.24%,0.34%,-0.65%,-0.16%,-0.02%,-0.82%,0.10%,0.00%
4/30/2015,2.90%,0.91%,4.08%,7.69%,2.35%,4.33%,0.96%,0.45%,-2.55%,0.71%,0.50%,0.93%,0.45%,5.73%,-5.80%,0.19%,0.25%,0.92%,-0.36%,1.12%,-0.70%,-0.50%,0.03%,0.74%,0.17%,0.00%
3/31/2015,-1.55%,-1.44%,-1.52%,-1.42%,-1.57%,-1.67%,-1.58%,-1.02%,1.74%,-1.25%,-1.14%,-1.36%,-1.85%,-5.14%,1.79%,0.64%,0.66%,0.76%,0.46%,-0.50%,0.32%,0.61%,0.39%,-0.47%,0.20%,0.00%
2/28/2015,5.57%,5.85%,5.98%,3.10%,5.86%,5.97%,5.75%,5.79%,5.94%,5.78%,6.67%,4.84%,6.01%,2.58%,-3.54%,1.30%,1.69%,1.89%,-0.94%,2.25%,-1.01%,-1.48%,-0.20%,-1.20%,0.02%,0.00%
1/31/2015,-1.56%,-2.82%,0.49%,0.60%,-1.81%,-0.35%,-3.00%,-2.78%,-3.22%,-2.75%,-1.53%,-4.00%,-3.58%,-3.34%,6.74%,-0.03%,0.13%,-0.04%,2.10%,0.89%,3.03%,2.50%,0.91%,3.15%,0.56%,0.00%
12/31/2014,-1.93%,-0.31%,-3.46%,-4.61%,-1.61%,-3.32%,-0.25%,0.00%,2.85%,-0.23%,-1.04%,0.61%,0.12%,-7.63%,1.78%,0.42%,0.36%,0.39%,0.09%,-1.11%,0.06%,0.13%,0.13%,-1.13%,-0.30%,0.00%
11/30/2014,1.67%,2.65%,1.36%,-1.06%,2.00%,1.23%,2.69%,2.42%,0.09%,2.62%,3.17%,2.05%,2.86%,-4.07%,2.12%,0.74%,1.22%,1.02%,0.71%,-0.69%,0.67%,0.78%,0.65%,0.26%,0.15%,0.00%
10/31/2014,0.70%,2.41%,-1.45%,1.18%,0.65%,-1.59%,2.44%,2.75%,6.59%,2.44%,2.64%,2.25%,2.16%,-0.80%,10.70%,-0.90%,-0.62%,-0.47%,0.98%,1.53%,1.02%,0.94%,0.96%,0.85%,0.27%,0.00%
9/30/2014,-3.24%,-1.56%,-3.84%,-7.41%,-2.71%,-4.11%,-1.40%,-2.08%,-6.05%,-1.75%,-1.45%,-2.06%,-0.23%,-6.23%,-5.83%,0.08%,-0.19%,-0.81%,-0.68%,-1.95%,-1.44%,-0.52%,-0.19%,-2.50%,-0.17%,0.00%
8/31/2014,2.21%,4.01%,-0.15%,2.25%,2.20%,0.08%,4.00%,4.20%,4.96%,4.13%,4.58%,3.68%,3.60%,-1.05%,2.82%,0.34%,0.83%,0.96%,1.10%,1.69%,1.44%,1.01%,0.90%,0.44%,0.21%,0.00%
7/31/2014,-1.21%,-1.41%,-1.96%,1.93%,-1.60%,-1.78%,-1.38%,-1.97%,-6.05%,-1.62%,-1.53%,-1.70%,-1.44%,-4.98%,0.18%,-0.17%,-0.36%,-0.38%,-0.25%,-1.29%,-0.06%,-0.16%,-0.56%,0.03%,0.02%,0.00%
6/30/2014,1.88%,2.14%,0.96%,2.66%,1.79%,1.42%,2.07%,2.51%,5.32%,2.27%,1.95%,2.61%,0.75%,0.60%,0.88%,0.70%,0.99%,1.09%,0.05%,0.79%,0.08%,-0.13%,0.25%,0.30%,-0.05%,0.00%
5/31/2014,2.13%,2.39%,1.62%,3.49%,1.97%,1.55%,2.35%,2.18%,0.80%,2.30%,3.12%,1.46%,1.19%,-2.87%,2.45%,0.79%,1.18%,1.38%,1.14%,0.97%,1.37%,0.92%,1.16%,2.12%,0.30%,0.00%
4/30/2014,0.95%,0.60%,1.45%,0.33%,1.02%,1.58%,0.74%,0.12%,-3.88%,0.47%,0.00%,0.95%,0.87%,2.44%,3.65%,-0.20%,-0.63%,-0.77%,0.84%,0.65%,1.20%,0.55%,0.89%,1.35%,0.23%,0.00%
3/31/2014,0.44%,0.69%,-0.64%,3.07%,0.14%,-0.45%,0.84%,0.53%,-0.68%,0.64%,-1.01%,2.39%,0.93%,0.41%,0.86%,-0.26%,-0.65%,-0.78%,-0.17%,0.18%,0.07%,-0.27%,-0.31%,-0.47%,-0.03%,0.00%
2/28/2014,4.83%,4.70%,5.56%,3.31%,5.01%,5.46%,4.57%,4.74%,4.71%,4.75%,5.15%,4.32%,4.34%,6.24%,5.13%,1.24%,1.62%,1.96%,0.53%,2.04%,1.04%,0.28%,0.35%,0.45%,0.25%,0.00%
1/31/2014,-4.00%,-3.39%,-4.03%,-6.49%,-3.70%,-4.04%,-3.46%,-3.16%,-2.77%,-3.19%,-2.85%,-3.55%,-5.19%,0.30%,4.00%,0.33%,-0.39%,-0.51%,1.48%,0.68%,1.81%,1.31%,1.51%,1.98%,0.29%,0.00%
12/31/2013,1.73%,2.69%,1.50%,-1.45%,2.12%,1.51%,2.53%,2.64%,1.97%,2.70%,2.86%,2.53%,3.19%,1.24%,0.54%,0.84%,1.31%,1.31%,-0.57%,0.44%,-0.16%,-0.87%,-0.46%,-1.47%,-0.06%,0.00%
11/30/2013,1.42%,2.85%,0.77%,-1.46%,1.78%,0.61%,3.05%,2.90%,4.01%,2.81%,2.82%,2.79%,3.82%,-0.80%,-5.47%,0.81%,1.06%,1.07%,-0.37%,0.36%,-0.20%,-0.29%,-0.57%,-1.09%,0.27%,0.00%
10/31/2013,4.02%,4.44%,3.36%,4.86%,3.91%,3.36%,4.60%,4.25%,2.51%,4.40%,4.42%,4.38%,2.88%,-1.48%,4.09%,1.01%,1.26%,1.50%,0.81%,2.53%,1.48%,0.47%,0.68%,0.55%,0.38%,0.00%
9/30/2013,5.17%,3.31%,7.39%,6.50%,5.00%,7.07%,3.14%,3.72%,6.38%,3.49%,4.46%,2.51%,2.27%,-2.55%,3.21%,0.88%,1.37%,1.98%,0.95%,0.99%,0.69%,0.70%,1.37%,1.45%,0.40%,0.00%
8/31/2013,-2.08%,-2.76%,-1.32%,-1.72%,-2.13%,-1.29%,-2.90%,-2.79%,-3.18%,-2.76%,-1.71%,-3.79%,-4.11%,3.40%,-6.81%,-0.23%,-0.71%,-0.91%,-0.51%,-0.70%,-0.70%,-0.48%,-0.29%,-1.45%,-0.03%,0.00%
7/31/2013,4.79%,5.26%,5.28%,1.04%,5.26%,5.32%,5.09%,5.48%,7.00%,5.35%,5.30%,5.40%,4.12%,1.36%,0.75%,0.59%,1.01%,1.47%,0.14%,1.79%,0.83%,-0.10%,-0.06%,0.73%,0.43%,0.00%
6/30/2013,-2.92%,-1.33%,-3.55%,-6.37%,-2.46%,-3.75%,-1.34%,-1.30%,-0.51%,-1.36%,-1.88%,-0.88%,-1.25%,-4.71%,-1.77%,-0.67%,-1.39%,-1.78%,-1.55%,-2.64%,-2.76%,-1.09%,-0.98%,-3.58%,-0.39%,0.00%
5/31/2013,-0.27%,2.11%,-2.41%,-2.57%,0.04%,-2.24%,2.34%,2.36%,4.00%,2.22%,1.86%,2.57%,2.24%,-2.24%,-5.96%,0.74%,0.63%,0.82%,-1.78%,-0.76%,-2.34%,-1.63%,-1.48%,-4.36%,-0.08%,0.00%
4/30/2013,2.86%,1.98%,5.21%,0.75%,3.15%,4.56%,1.93%,1.64%,-0.37%,1.81%,2.12%,1.51%,1.94%,-2.79%,6.87%,0.74%,0.82%,0.85%,1.01%,1.78%,1.83%,0.84%,0.55%,0.80%,0.30%,0.01%
3/31/2013,1.83%,3.76%,0.82%,-1.72%,2.34%,0.79%,3.75%,3.92%,4.62%,3.86%,3.75%,3.96%,3.86%,0.67%,2.71%,0.76%,0.89%,0.93%,0.08%,0.87%,0.02%,0.09%,0.13%,0.28%,0.11%,0.01%
2/28/2013,-0.02%,1.29%,-0.95%,-1.26%,0.17%,-1.00%,1.36%,1.33%,1.10%,1.34%,1.24%,1.44%,1.76%,-4.09%,0.80%,0.35%,0.28%,0.34%,0.50%,0.49%,0.77%,0.51%,0.32%,0.03%,0.22%,0.00%
1/31/2013,4.61%,5.29%,5.27%,1.38%,5.09%,4.92%,5.18%,5.49%,6.26%,5.42%,4.29%,6.50%,5.91%,2.40%,3.40%,1.64%,2.13%,2.55%,-0.70%,1.01%,-0.89%,-0.76%,-0.48%,-0.68%,0.16%,0.00%
12/31/2012,2.27%,0.95%,3.20%,4.89%,1.88%,3.02%,0.91%,1.23%,3.56%,1.04%,-0.03%,2.07%,0.79%,-2.61%,3.79%,0.98%,1.19%,1.44%,-0.14%,1.37%,-0.06%,-0.40%,0.15%,-0.65%,0.18%,0.01%
11/30/2012,1.28%,0.65%,2.42%,1.27%,1.28%,2.10%,0.58%,0.77%,0.53%,0.79%,1.67%,-0.04%,-0.12%,0.05%,-0.53%,0.39%,0.40%,0.41%,0.16%,0.82%,-0.16%,0.49%,-0.14%,0.48%,0.03%,0.01%
10/31/2012,-0.67%,-1.80%,0.83%,-0.61%,-0.68%,0.70%,-1.85%,-1.72%,-2.17%,-1.69%,-2.92%,-0.49%,-2.39%,-3.87%,-0.90%,0.27%,-0.27%,-0.33%,0.20%,1.00%,1.29%,-0.15%,-0.12%,0.87%,0.30%,0.01%
9/30/2012,3.15%,2.55%,2.96%,6.03%,2.75%,3.04%,2.58%,2.63%,3.28%,2.57%,1.96%,3.17%,2.75%,1.71%,-1.97%,0.49%,0.87%,1.45%,0.14%,1.25%,0.70%,-0.26%,0.27%,0.51%,0.40%,0.01%
8/31/2012,2.17%,2.35%,2.69%,-0.33%,2.54%,2.85%,2.25%,2.50%,3.33%,2.43%,2.69%,2.17%,1.04%,1.30%,-0.24%,0.68%,0.75%,0.97%,0.07%,1.10%,0.22%,-0.10%,0.16%,-0.29%,0.39%,0.01%
7/31/2012,1.37%,1.36%,1.13%,1.95%,1.29%,1.25%,1.39%,0.99%,-1.38%,1.19%,1.34%,1.03%,1.15%,6.47%,1.83%,0.64%,0.78%,0.56%,1.38%,1.97%,2.88%,0.95%,0.85%,1.90%,0.77%,0.01%
6/30/2012,4.94%,3.95%,7.01%,3.86%,5.10%,6.55%,4.12%,3.92%,4.99%,3.83%,2.72%,4.96%,4.05%,5.49%,5.53%,-0.24%,-0.35%,-0.12%,0.04%,2.04%,0.35%,-0.29%,0.15%,-0.56%,0.27%,0.00%
5/31/2012,-8.97%,-6.14%,-11.48%,-11.21%,-8.63%,-11.40%,-6.01%,-6.18%,-6.62%,-6.15%,-6.41%,-5.86%,-5.82%,-9.13%,-4.65%,-1.34%,-1.72%,-2.73%,0.90%,-1.13%,0.75%,1.56%,0.28%,1.67%,-0.19%,0.01%
4/30/2012,-1.14%,-0.60%,-1.96%,-1.20%,-1.14%,-1.70%,-0.63%,-0.66%,-1.54%,-0.58%,-0.15%,-1.02%,0.16%,-0.42%,3.01%,-0.15%,-0.26%,-0.28%,1.11%,1.06%,1.40%,1.35%,0.64%,2.02%,0.21%,0.00%
3/31/2012,0.66%,3.20%,-0.46%,-3.34%,1.29%,-0.74%,3.29%,3.08%,2.56%,3.13%,3.29%,2.96%,2.15%,-4.14%,5.18%,0.35%,0.05%,-0.06%,-0.55%,-0.28%,-0.97%,-0.91%,0.07%,-1.07%,0.16%,0.01%
2/29/2012,5.03%,4.41%,5.74%,5.99%,4.88%,5.50%,4.32%,4.23%,2.39%,4.39%,4.78%,3.99%,2.89%,2.70%,-1.02%,0.94%,1.51%,2.04%,-0.02%,2.16%,0.84%,-0.65%,0.15%,-0.33%,0.48%,0.00%
1/31/2012,5.81%,4.71%,5.33%,11.34%,5.02%,5.40%,4.48%,5.05%,7.07%,4.87%,5.97%,3.78%,3.55%,2.47%,6.50%,1.17%,1.79%,2.39%,0.88%,2.76%,2.21%,0.44%,0.51%,2.29%,1.09%,0.00%
12/31/2011,-0.20%,0.95%,-0.95%,-1.21%,-0.06%,-1.09%,1.02%,0.82%,0.66%,0.84%,-0.32%,2.02%,1.58%,-3.75%,4.68%,-0.33%,-0.55%,-0.74%,1.10%,2.52%,2.14%,0.89%,0.73%,0.04%,0.25%,0.00%
11/30/2011,-2.99%,-0.27%,-4.85%,-6.66%,-2.44%,-4.62%,-0.22%,-0.27%,-0.36%,-0.26%,-0.01%,-0.52%,1.18%,-2.22%,-4.05%,-0.34%,-0.98%,-1.44%,-0.09%,-1.77%,-1.96%,0.67%,0.19%,0.77%,-0.42%,0.00%
10/31/2011,10.71%,10.99%,9.64%,13.25%,10.34%,9.73%,10.93%,11.51%,15.14%,11.21%,10.97%,11.45%,9.72%,6.62%,14.82%,0.73%,1.07%,1.89%,0.11%,5.29%,1.79%,-0.71%,0.08%,1.86%,0.73%,0.00%
9/30/2011,-9.44%,-7.19%,-9.53%,-14.58%,-8.64%,-10.04%,-7.03%,-7.76%,-11.21%,-7.46%,-7.37%,-7.56%,-5.91%,-14.73%,-11.33%,-2.03%,-2.79%,-3.90%,0.73%,-2.64%,0.26%,1.53%,0.16%,-0.24%,-0.44%,0.00%
8/31/2011,-7.31%,-5.53%,-9.03%,-8.94%,-7.05%,-8.45%,-5.43%,-6.00%,-8.70%,-5.76%,-5.28%,-6.24%,-3.96%,1.00%,-5.68%,-2.13%,-2.64%,-3.24%,1.46%,-3.32%,0.07%,2.54%,1.06%,0.82%,-0.44%,0.01%
7/31/2011,-1.63%,-1.95%,-1.59%,-0.44%,-1.81%,-1.65%,-2.03%,-2.29%,-3.61%,-2.17%,-1.00%,-3.32%,-2.05%,2.96%,1.73%,0.21%,0.39%,0.41%,1.59%,1.39%,2.52%,1.67%,0.93%,3.91%,0.45%,-0.01%
6/30/2011,-1.58%,-1.70%,-1.25%,-1.54%,-1.58%,-1.42%,-1.67%,-1.80%,-2.31%,-1.75%,-1.43%,-2.05%,-1.10%,-5.04%,-3.33%,-0.92%,-1.30%,-1.32%,-0.29%,-0.84%,-0.88%,-0.30%,0.02%,0.81%,-0.04%,0.00%
5/31/2011,-2.15%,-1.08%,-2.95%,-2.62%,-2.07%,-2.96%,-1.13%,-1.14%,-1.87%,-1.07%,-1.09%,-1.06%,-1.53%,-5.06%,1.53%,-0.63%,-1.08%,-1.18%,1.31%,0.58%,1.44%,1.42%,1.02%,0.31%,0.39%,0.00%
4/30/2011,4.09%,3.06%,5.98%,3.10%,4.25%,5.45%,2.96%,2.98%,2.64%,3.01%,3.35%,2.66%,4.13%,3.46%,5.98%,0.78%,1.22%,1.45%,1.27%,1.43%,1.72%,1.09%,1.18%,2.51%,0.73%,0.01%
3/31/2011,-0.10%,0.12%,-2.24%,5.88%,-0.99%,-2.00%,0.04%,0.45%,2.59%,0.26%,0.12%,0.40%,0.91%,2.06%,-1.42%,-0.31%,-0.10%,0.08%,0.06%,0.35%,-0.13%,-0.03%,0.21%,1.01%,0.01%,0.02%
2/28/2011,2.91%,3.35%,3.30%,-0.93%,3.50%,3.71%,3.43%,3.64%,5.48%,3.48%,3.27%,3.69%,3.16%,1.32%,4.55%,0.78%,0.83%,0.75%,0.25%,1.22%,0.79%,-0.06%,0.29%,0.86%,0.22%,0.01%
1/31/2011,1.57%,2.40%,2.36%,-2.71%,2.26%,2.15%,2.37%,2.18%,-0.26%,2.40%,2.54%,2.26%,2.85%,1.00%,3.49%,0.62%,0.15%,-0.13%,0.12%,1.98%,0.20%,0.00%,0.18%,0.20%,0.42%,0.01%
12/31/2010,7.32%,6.69%,8.10%,7.14%,7.35%,8.05%,6.68%,6.78%,7.94%,6.68%,5.51%,7.89%,5.33%,10.69%,4.82%,1.50%,2.20%,2.47%,-1.08%,1.36%,-0.92%,-1.62%,-0.50%,-1.55%,-0.02%,0.02%
11/30/2010,-2.22%,0.11%,-4.81%,-2.64%,-2.16%,-4.23%,0.01%,0.58%,3.47%,0.33%,1.16%,-0.53%,-0.61%,-0.35%,-1.97%,0.07%,-0.10%,-0.10%,-0.57%,-1.19%,-0.81%,-0.67%,-0.19%,-1.69%,-0.19%,0.01%
10/31/2010,3.61%,3.94%,3.61%,2.90%,3.73%,3.56%,3.80%,3.91%,4.09%,3.89%,4.78%,3.00%,3.21%,4.98%,4.79%,1.00%,1.48%,1.76%,0.36%,2.33%,0.12%,-0.06%,0.98%,2.65%,0.44%,0.01%
9/30/2010,9.57%,9.09%,9.80%,11.11%,9.32%,9.59%,8.92%,9.44%,12.46%,9.19%,10.65%,7.76%,7.85%,7.26%,4.52%,1.46%,2.35%,3.15%,0.11%,2.67%,0.70%,0.05%,-0.17%,0.60%,0.62%,0.01%
8/31/2010,-3.50%,-4.44%,-3.10%,-1.94%,-3.73%,-2.99%,-4.51%,-4.71%,-7.40%,-4.47%,-4.67%,-4.28%,-3.91%,-2.55%,-1.42%,0.21%,0.13%,-0.09%,1.29%,0.47%,1.98%,1.78%,0.31%,1.72%,0.37%,0.01%
7/31/2010,8.14%,6.99%,9.48%,8.33%,8.11%,9.24%,7.01%,6.94%,6.87%,6.95%,7.13%,6.77%,7.23%,6.77%,9.86%,0.56%,0.77%,1.13%,1.07%,3.43%,1.96%,0.68%,0.96%,0.14%,0.97%,0.02%
6/30/2010,-3.08%,-5.32%,-1.00%,-0.74%,-3.43%,-1.45%,-5.23%,-5.75%,-7.75%,-5.57%,-5.51%,-5.63%,-3.43%,0.32%,-5.40%,-0.62%,-0.89%,-0.89%,1.57%,1.34%,2.13%,1.71%,1.19%,1.43%,0.55%,0.01%
5/31/2010,-9.48%,-8.06%,-11.51%,-8.80%,-9.58%,-11.03%,-7.99%,-7.90%,-7.59%,-7.93%,-7.63%,-8.22%,-7.56%,-6.92%,-5.48%,-1.83%,-2.60%,-3.35%,0.84%,-2.91%,-0.55%,1.53%,0.88%,-0.01%,-0.41%,0.01%
4/30/2010,0.17%,1.60%,-1.81%,1.21%,0.01%,-1.49%,1.58%,2.16%,5.66%,1.85%,1.12%,2.59%,1.53%,1.94%,7.02%,0.96%,0.90%,0.92%,1.04%,1.98%,1.82%,0.95%,0.76%,2.37%,0.55%,0.01%
3/31/2010,6.43%,5.99%,6.24%,8.07%,6.19%,6.44%,6.03%,6.30%,8.14%,6.14%,5.78%,6.51%,5.31%,-1.24%,10.29%,1.12%,1.66%,2.08%,-0.12%,2.51%,0.30%,-0.75%,0.23%,0.13%,0.38%,0.01%
2/28/2010,1.27%,3.09%,-0.69%,0.35%,1.41%,-0.10%,3.10%,3.39%,4.50%,3.30%,3.44%,3.16%,2.95%,3.71%,5.85%,0.23%,0.13%,0.10%,0.37%,0.13%,0.36%,0.41%,0.32%,-1.16%,0.29%,0.00%
1/31/2010,-4.32%,-3.51%,-4.41%,-5.58%,-4.13%,-4.69%,-3.60%,-3.60%,-3.68%,-3.60%,-4.36%,-2.81%,-3.32%,-7.28%,-5.64%,0.35%,-0.37%,-0.89%,1.53%,1.15%,1.63%,1.45%,1.58%,1.61%,1.00%,0.00%
12/31/2009,2.07%,2.06%,1.44%,3.95%,1.80%,1.59%,1.93%,2.85%,8.05%,2.43%,3.09%,1.77%,0.95%,1.98%,7.03%,0.44%,0.76%,1.05%,-1.56%,2.58%,-0.78%,-2.27%,-1.26%,-2.19%,-0.04%,0.00%
11/30/2009,4.11%,5.95%,2.00%,4.30%,4.09%,2.47%,6.00%,5.68%,3.14%,5.89%,6.14%,5.64%,6.93%,3.52%,7.05%,0.41%,0.80%,0.95%,1.29%,0.57%,1.43%,1.28%,1.21%,2.78%,0.94%,0.00%
10/31/2009,-1.54%,-1.94%,-1.25%,0.12%,-1.78%,-1.61%,-1.86%,-2.57%,-6.79%,-2.21%,-1.35%,-3.06%,0.14%,3.28%,-4.86%,0.25%,-0.09%,-0.27%,0.49%,1.56%,0.70%,0.02%,0.85%,1.23%,0.73%,0.01%
9/30/2009,4.59%,3.88%,3.83%,9.08%,3.99%,4.13%,3.73%,4.19%,5.77%,4.06%,4.25%,3.86%,2.43%,1.57%,7.16%,1.38%,1.74%,2.07%,1.05%,4.44%,1.78%,0.75%,0.93%,2.11%,0.92%,0.02%
8/31/2009,3.58%,3.48%,5.44%,-0.36%,4.13%,4.79%,3.61%,3.57%,2.87%,3.63%,2.07%,5.23%,3.97%,-0.58%,14.75%,1.10%,1.09%,1.09%,1.04%,1.42%,1.83%,0.79%,0.84%,0.88%,1.18%,0.02%
7/31/2009,8.80%,7.54%,9.13%,11.24%,8.47%,9.39%,7.56%,7.78%,9.63%,7.63%,7.10%,8.19%,8.75%,3.23%,10.50%,1.15%,1.54%,1.90%,1.61%,4.52%,4.32%,0.48%,1.37%,0.07%,1.57%,0.02%
6/30/2009,-0.56%,0.23%,-0.57%,-1.35%,-0.45%,-1.04%,0.20%,0.34%,1.47%,0.24%,1.12%,-0.74%,-0.41%,-1.90%,-3.42%,0.71%,0.38%,0.27%,0.57%,2.44%,2.73%,-0.13%,0.17%,0.46%,1.14%,0.01%
5/31/2009,9.96%,5.50%,11.83%,17.09%,9.06%,12.65%,5.59%,5.34%,3.01%,5.53%,4.96%,6.18%,4.52%,13.00%,2.49%,2.42%,3.32%,4.25%,0.73%,4.82%,3.90%,-0.76%,0.63%,2.10%,2.60%,0.01%
4/30/2009,11.80%,9.60%,12.80%,16.64%,11.22%,12.90%,9.57%,10.52%,15.46%,10.12%,9.60%,10.72%,7.56%,0.73%,33.03%,0.71%,1.05%,1.63%,0.48%,9.03%,3.47%,-1.33%,0.87%,-1.87%,3.12%,0.02%
3/31/2009,8.24%,8.57%,6.34%,14.37%,7.54%,6.59%,8.76%,8.76%,8.93%,8.75%,8.92%,8.55%,7.94%,3.60%,3.24%,-0.27%,0.03%,0.31%,1.39%,1.43%,-0.41%,1.82%,1.77%,5.84%,0.09%,0.02%
2/28/2009,-9.79%,-10.25%,-10.26%,-5.64%,-10.24%,-10.12%,-10.65%,-10.48%,-12.15%,-10.34%,-7.52%,-13.36%,-11.24%,-4.43%,-21.72%,-0.10%,-0.37%,-0.68%,-0.38%,-1.71%,-1.97%,-0.27%,0.20%,-1.96%,-1.14%,0.02%
1/31/2009,-8.54%,-8.15%,-9.81%,-6.46%,-8.76%,-9.33%,-8.43%,-8.39%,-11.12%,-8.16%,-4.81%,-11.50%,-8.65%,-5.38%,-18.15%,1.08%,0.71%,0.04%,-0.88%,7.27%,0.45%,-2.49%,-0.04%,1.69%,2.55%,0.00%
12/31/2008,3.62%,1.30%,6.01%,7.80%,3.21%,5.27%,1.06%,1.91%,5.80%,1.60%,1.81%,1.39%,-0.39%,-4.48%,17.55%,-2.97%,-1.49%,-0.51%,3.73%,6.08%,6.80%,3.44%,2.74%,4.96%,2.25%,0.00%
11/30/2008,-6.57%,-7.38%,-5.41%,-7.53%,-6.47%,-5.42%,-7.18%,-7.89%,-11.83%,-7.56%,-7.95%,-7.17%,-4.86%,-6.96%,-24.69%,-3.09%,-2.64%,-2.72%,3.25%,-7.12%,4.07%,4.74%,1.84%,0.71%,1.35%,0.06%
10/31/2008,-19.82%,-17.10%,-20.18%,-27.37%,-18.96%,-20.80%,-16.79%,-17.74%,-20.80%,-17.46%,-17.61%,-17.31%,-13.89%,-21.28%,-32.67%,-5.86%,-6.22%,-7.66%,-2.36%,-14.43%,-6.44%,-0.28%,-2.19%,-8.69%,-2.02%,0.07%
9/30/2008,-12.50%,-9.17%,-14.46%,-17.50%,-11.89%,-14.44%,-8.91%,-9.40%,-7.97%,-9.53%,-11.58%,-7.35%,-5.83%,-11.53%,-0.84%,-5.91%,-6.54%,-7.46%,-1.34%,-6.66%,-7.77%,0.45%,0.13%,-3.83%,-5.18%,0.23%
8/31/2008,-2.16%,1.37%,-4.05%,-7.99%,-1.40%,-3.87%,1.45%,1.55%,3.61%,1.38%,1.08%,1.70%,1.81%,-7.28%,2.39%,-0.78%,-1.53%,-2.15%,0.95%,0.59%,0.72%,1.02%,0.98%,0.82%,0.53%,0.14%
7/31/2008,-2.60%,-1.14%,-3.21%,-3.77%,-2.44%,-3.56%,-0.84%,-0.80%,3.70%,-1.16%,-1.90%,-0.36%,0.43%,-11.85%,2.94%,-1.84%,-2.66%,-3.20%,-0.08%,-0.88%,-0.75%,0.44%,-0.18%,-0.51%,-0.04%,0.16%
6/30/2008,-8.21%,-8.15%,-8.18%,-9.98%,-7.98%,-7.78%,-8.43%,-8.25%,-7.70%,-8.31%,-7.20%,-9.57%,-10.04%,9.10%,-11.09%,-0.20%,-0.85%,-1.56%,-0.08%,-2.28%,-0.64%,0.58%,-0.31%,1.53%,-0.03%,0.18%
5/31/2008,1.56%,1.60%,0.97%,1.86%,1.52%,1.52%,1.30%,2.05%,4.59%,1.83%,3.67%,-0.16%,-1.10%,2.73%,0.23%,1.32%,1.74%,1.85%,-0.73%,0.11%,-0.95%,-1.09%,-0.37%,0.33%,0.03%,0.06%
4/30/2008,5.58%,4.95%,5.43%,8.12%,5.26%,5.56%,4.87%,5.00%,4.19%,5.07%,5.25%,4.87%,4.70%,3.56%,6.14%,0.55%,1.01%,1.44%,-0.21%,3.71%,0.91%,-1.40%,0.26%,-2.11%,0.14%,0.11%
3/31/2008,-1.47%,-0.37%,-1.05%,-5.29%,-0.96%,-1.43%,-0.43%,-0.59%,0.42%,-0.68%,-0.61%,-0.75%,0.12%,-6.34%,6.60%,-1.94%,-2.71%,-3.41%,0.34%,-0.23%,-1.27%,0.66%,0.78%,-0.06%,-0.85%,0.22%
2/29/2008,0.28%,-3.11%,1.43%,7.38%,-0.58%,1.81%,-3.25%,-3.11%,-3.71%,-3.06%,-1.99%,-4.19%,-2.75%,12.28%,-3.83%,0.63%,1.36%,1.59%,0.14%,-1.12%,0.11%,0.95%,-0.46%,1.23%,0.78%,0.13%
1/31/2008,-8.19%,-6.07%,-9.24%,-12.48%,-7.64%,-9.02%,-6.00%,-6.06%,-6.82%,-6.00%,-7.80%,-4.01%,-4.49%,4.22%,-0.39%,-1.56%,-2.90%,-4.28%,1.68%,-0.73%,1.02%,2.39%,1.41%,3.96%,1.83%,0.37%
12/31/2007,-1.11%,-0.57%,-2.25%,0.35%,-1.29%,-1.88%,-0.69%,-0.61%,-0.06%,-0.65%,-0.36%,-0.97%,-0.66%,4.63%,-5.39%,0.25%,0.45%,0.65%,0.28%,0.53%,0.16%,0.22%,0.39%,-0.16%,0.18%,0.28%
11/30/2007,-4.42%,-4.22%,-3.29%,-7.09%,-4.09%,-3.91%,-4.18%,-4.50%,-7.18%,-4.26%,-3.68%,-4.89%,-3.63%,-3.14%,-9.78%,-0.87%,-1.50%,-2.19%,1.80%,-1.63%,0.60%,2.75%,1.58%,3.97%,0.85%,0.38%
10/31/2007,3.90%,1.69%,3.93%,11.15%,3.07%,4.35%,1.59%,1.83%,2.87%,1.74%,3.40%,0.01%,0.38%,3.33%,1.13%,2.18%,3.07%,3.74%,0.90%,0.70%,1.20%,0.73%,0.89%,1.12%,0.55%,0.30%
9/30/2007,5.37%,3.80%,5.35%,11.04%,4.76%,5.68%,3.74%,3.65%,1.72%,3.82%,4.19%,3.43%,4.15%,8.00%,3.96%,1.22%,2.16%,3.04%,0.76%,2.39%,0.77%,0.63%,0.83%,1.33%,0.80%,0.36%
8/31/2007,-0.28%,1.52%,-1.56%,-2.13%,-0.08%,-1.45%,1.50%,1.44%,2.27%,1.36%,1.59%,1.12%,1.40%,-3.63%,5.86%,-1.79%,-2.18%,-2.37%,1.23%,1.73%,0.81%,1.51%,1.16%,0.87%,0.28%,0.49%
7/31/2007,-1.53%,-3.10%,-1.47%,5.28%,-2.21%,-1.38%,-3.10%,-3.41%,-6.84%,-3.09%,-1.55%,-4.62%,-1.35%,2.08%,-7.83%,0.14%,0.33%,0.71%,0.83%,-2.88%,0.23%,1.43%,0.63%,2.28%,0.56%,0.38%
6/30/2007,-0.29%,-1.67%,0.12%,4.69%,-0.77%,0.10%,-1.66%,-1.87%,-1.46%,-1.91%,-1.49%,-2.34%,-1.49%,-1.40%,-9.34%,0.44%,0.68%,0.99%,-0.30%,-1.79%,-0.49%,-0.04%,-0.40%,-0.15%,0.41%,0.40%
5/31/2007,2.98%,3.50%,1.75%,4.85%,2.80%,2.22%,3.49%,3.64%,4.10%,3.60%,3.60%,3.61%,4.62%,0.13%,0.01%,1.55%,2.10%,2.52%,-0.76%,0.53%,-1.00%,-0.79%,-0.63%,-1.31%,-0.16%,0.42%
4/30/2007,4.43%,4.29%,4.44%,4.74%,4.41%,4.55%,4.43%,3.99%,1.80%,4.20%,4.71%,3.70%,5.86%,1.16%,-0.02%,1.27%,1.69%,1.98%,0.54%,1.19%,0.73%,0.50%,0.48%,0.71%,0.39%,0.43%
3/31/2007,2.01%,1.08%,2.55%,3.97%,1.83%,2.56%,1.12%,1.04%,1.07%,1.04%,0.54%,1.55%,0.84%,0.97%,-2.68%,0.91%,1.01%,1.07%,0.00%,0.20%,-0.57%,0.03%,0.25%,0.24%,0.38%,0.45%
2/28/2007,-0.53%,-1.83%,0.81%,-0.59%,-0.52%,0.80%,-1.96%,-1.64%,-0.79%,-1.72%,-1.88%,-1.56%,-2.52%,3.37%,-2.26%,0.90%,0.82%,0.81%,1.54%,1.40%,2.06%,1.54%,1.28%,2.13%,0.94%,0.38%
1/31/2007,0.99%,1.81%,0.68%,-1.06%,1.18%,0.61%,1.51%,1.90%,1.67%,1.93%,2.57%,1.28%,1.40%,0.21%,9.04%,1.28%,1.30%,1.34%,-0.04%,0.88%,0.01%,-0.12%,0.02%,0.13%,0.26%,0.41%
12/31/2006,2.23%,1.21%,3.14%,4.50%,2.03%,2.87%,1.40%,1.20%,0.33%,1.28%,0.34%,2.24%,2.11%,-4.59%,-2.25%,1.36%,1.76%,2.12%,-0.58%,0.91%,-0.91%,-0.69%,-0.33%,-2.33%,0.06%,0.44%
11/30/2006,2.83%,1.98%,2.99%,7.43%,2.45%,2.98%,1.90%,2.18%,2.63%,2.13%,1.98%,2.28%,1.55%,5.47%,4.79%,1.32%,1.86%,2.37%,1.16%,1.47%,1.47%,1.01%,1.15%,1.24%,0.64%,0.42%
10/31/2006,3.75%,3.42%,3.89%,4.75%,3.67%,3.95%,3.26%,3.60%,5.76%,3.40%,3.52%,3.27%,3.57%,4.74%,6.32%,1.21%,1.69%,2.16%,0.66%,1.20%,0.81%,0.52%,0.71%,-0.17%,0.46%,0.38%
9/30/2006,1.17%,2.55%,0.15%,0.83%,1.19%,-0.08%,2.58%,2.24%,0.83%,2.37%,2.75%,1.99%,2.74%,-6.02%,1.92%,-0.19%,-0.03%,-0.02%,0.88%,1.36%,1.15%,0.89%,0.73%,0.16%,0.58%,0.44%
8/31/2006,2.59%,2.42%,2.75%,2.55%,2.60%,2.84%,2.38%,2.45%,2.96%,2.40%,3.12%,1.67%,2.09%,-3.60%,3.38%,0.51%,0.78%,1.03%,1.53%,1.53%,1.86%,1.41%,1.46%,1.73%,0.81%,0.42%
7/31/2006,0.68%,0.33%,0.99%,1.41%,0.62%,0.94%,0.62%,-0.09%,-3.25%,0.22%,-1.90%,2.43%,0.45%,3.21%,3.55%,0.14%,-0.21%,-0.42%,1.35%,0.79%,1.46%,1.19%,1.42%,1.63%,0.82%,0.41%
6/30/2006,-0.04%,0.11%,-0.01%,-0.24%,-0.03%,-0.13%,0.14%,0.18%,0.64%,0.13%,-0.39%,0.64%,-0.04%,-1.55%,5.72%,0.01%,-0.60%,-1.08%,0.21%,-0.58%,0.13%,0.28%,0.18%,0.28%,0.22%,0.40%
5/31/2006,-3.94%,-2.96%,-3.88%,-10.48%,-3.42%,-3.80%,-2.88%,-3.20%,-5.62%,-2.95%,-3.39%,-2.53%,-1.46%,0.96%,-2.81%,-0.71%,-1.91%,-2.93%,-0.11%,-0.26%,-0.17%,0.02%,-0.18%,0.29%,0.15%,0.40%
4/30/2006,3.33%,1.32%,4.78%,7.12%,3.04%,4.78%,1.34%,1.08%,-0.02%,1.20%,-0.14%,2.54%,2.48%,6.78%,-3.69%,1.35%,1.76%,2.02%,-0.18%,0.27%,-0.35%,-0.28%,0.01%,-0.08%,0.38%,0.38%
3/31/2006,2.10%,1.28%,3.30%,0.88%,2.20%,3.17%,1.24%,1.73%,4.85%,1.42%,1.48%,1.35%,1.20%,2.22%,5.33%,1.23%,1.70%,2.17%,-0.98%,0.20%,-1.41%,-0.90%,-0.81%,-2.19%,0.15%,0.38%
2/28/2006,-0.15%,0.10%,-0.22%,-0.12%,-0.15%,-0.34%,0.27%,0.18%,-0.28%,0.22%,-0.16%,0.61%,1.48%,-6.26%,2.22%,0.56%,0.35%,0.32%,0.33%,0.81%,0.45%,0.16%,0.42%,-0.05%,0.17%,0.32%
1/31/2006,4.92%,2.73%,6.14%,11.17%,4.47%,6.32%,2.65%,3.34%,8.97%,2.80%,1.76%,3.88%,1.50%,1.85%,7.16%,2.09%,2.88%,3.62%,0.01%,1.09%,-0.21%,-0.17%,0.29%,-0.01%,0.21%,0.32%
12/31/2005,2.46%,0.06%,4.65%,5.91%,2.22%,4.64%,0.03%,0.09%,-0.46%,0.14%,-0.31%,0.61%,-0.70%,3.19%,0.43%,1.32%,1.98%,2.69%,0.95%,0.87%,1.01%,0.93%,0.95%,1.23%,0.38%,0.32%
11/30/2005,3.64%,4.04%,2.45%,8.27%,3.33%,2.65%,3.78%,3.89%,4.85%,3.80%,4.31%,3.27%,3.92%,0.26%,4.56%,0.89%,1.68%,2.24%,0.44%,0.85%,0.59%,0.45%,0.33%,0.17%,0.34%,0.31%
10/31/2005,-2.69%,-1.64%,-2.92%,-6.54%,-2.43%,-3.23%,-1.67%,-1.87%,-3.10%,-1.75%,-0.97%,-2.54%,-1.09%,-6.28%,-1.89%,-0.75%,-1.45%,-2.19%,-0.79%,-0.83%,-1.15%,-0.70%,-0.69%,-1.28%,-0.08%,0.26%
9/30/2005,3.01%,0.86%,4.45%,9.31%,2.60%,4.56%,0.81%,0.87%,0.31%,0.93%,0.46%,1.40%,0.94%,4.65%,0.33%,1.05%,1.55%,2.08%,-1.03%,-0.77%,-1.61%,-1.18%,-0.60%,-0.14%,-0.26%,0.30%
8/31/2005,0.76%,-0.93%,2.53%,0.86%,0.75%,2.76%,-0.91%,-0.95%,-1.85%,-0.87%,-1.29%,-0.43%,-1.19%,7.55%,-3.99%,0.58%,0.84%,1.15%,1.28%,0.25%,1.53%,1.47%,0.95%,2.31%,0.70%,0.28%
7/31/2005,3.70%,3.76%,3.07%,6.99%,3.49%,3.23%,3.72%,4.10%,6.34%,3.89%,4.89%,2.89%,3.72%,4.48%,7.56%,1.35%,1.74%,2.28%,-0.91%,1.33%,-0.99%,-1.21%,-0.57%,-2.10%,-0.18%,0.25%
6/30/2005,1.01%,0.25%,1.33%,3.40%,0.87%,1.63%,0.14%,0.70%,3.86%,0.41%,-0.37%,1.09%,-1.69%,1.68%,5.24%,0.86%,1.36%,1.81%,0.55%,1.60%,0.82%,0.56%,0.38%,0.43%,0.33%,0.22%
5/31/2005,1.87%,3.27%,0.05%,3.48%,1.78%,0.18%,3.18%,3.79%,6.55%,3.54%,4.84%,2.41%,2.97%,-0.78%,3.30%,-0.14%,0.24%,0.53%,1.08%,1.84%,1.37%,1.16%,0.81%,0.69%,0.49%,0.24%
4/30/2005,-2.21%,-1.81%,-2.35%,-2.68%,-2.18%,-2.55%,-1.90%,-2.17%,-5.73%,-1.84%,-1.90%,-1.79%,-2.81%,-5.83%,5.02%,-1.02%,-1.41%,-1.62%,1.35%,-0.44%,1.30%,1.60%,1.13%,1.91%,0.54%,0.22%
3/31/2005,-2.20%,-1.60%,-2.51%,-6.61%,-1.94%,-2.27%,-1.77%,-1.69%,-2.86%,-1.58%,-1.82%,-1.37%,-2.31%,3.57%,-1.18%,-0.18%,-0.55%,-0.97%,-0.51%,-2.92%,-1.33%,-0.33%,-0.22%,0.09%,-0.21%,0.23%
2/28/2005,3.46%,2.09%,4.32%,8.73%,3.17%,4.45%,2.10%,2.20%,1.69%,2.25%,1.06%,3.31%,2.92%,7.06%,3.05%,0.91%,1.36%,1.84%,-0.59%,1.37%,-0.60%,-0.71%,-0.48%,-0.43%,-0.13%,0.16%
1/31/2005,-2.12%,-2.48%,-1.83%,0.25%,-2.25%,-1.97%,-2.44%,-2.66%,-4.17%,-2.52%,-3.33%,-1.78%,-2.59%,1.04%,-8.28%,0.20%,0.00%,0.11%,0.63%,0.07%,0.80%,0.63%,0.53%,0.01%,-0.02%,0.17%
12/31/2004,3.87%,3.51%,4.39%,4.80%,3.82%,4.22%,3.40%,3.56%,2.96%,3.62%,3.92%,3.35%,3.54%,-4.91%,5.54%,1.21%,1.46%,1.78%,0.92%,1.10%,1.37%,0.89%,0.70%,1.74%,0.34%,0.19%
11/30/2004,5.45%,4.11%,6.83%,9.26%,5.25%,6.65%,4.05%,4.65%,8.67%,4.28%,3.44%,5.06%,4.29%,-1.20%,4.69%,1.78%,2.55%,2.99%,-0.80%,0.71%,-1.02%,-1.19%,-0.32%,-0.24%,-0.48%,0.14%
10/31/2004,2.44%,1.53%,3.41%,2.39%,2.45%,3.59%,1.53%,1.64%,1.97%,1.61%,1.56%,1.66%,-0.36%,1.69%,5.41%,0.53%,0.78%,0.85%,0.84%,1.64%,0.98%,0.80%,0.80%,1.00%,0.35%,0.13%
9/30/2004,2.08%,1.10%,2.61%,5.77%,1.89%,2.91%,1.08%,1.54%,4.69%,1.26%,0.95%,1.55%,-0.80%,6.85%,-0.21%,0.45%,0.89%,1.55%,0.27%,1.38%,0.62%,0.20%,0.16%,0.20%,0.03%,0.12%
8/31/2004,0.61%,0.51%,0.44%,4.15%,0.44%,0.42%,0.40%,0.41%,-0.51%,0.49%,-0.49%,1.42%,0.59%,-1.82%,7.81%,0.11%,-0.01%,-0.01%,1.91%,2.06%,2.38%,1.95%,1.60%,2.68%,0.89%,0.11%
7/31/2004,-3.20%,-3.40%,-3.25%,-1.83%,-3.27%,-3.05%,-3.31%,-3.78%,-6.73%,-3.51%,-5.65%,-1.41%,-2.69%,1.77%,0.53%,-0.09%,-0.58%,-1.15%,0.99%,1.51%,1.24%,0.93%,0.90%,0.93%,0.48%,0.10%
6/30/2004,1.98%,1.89%,2.19%,0.43%,2.05%,2.31%,1.94%,1.99%,4.21%,1.80%,1.25%,2.36%,2.55%,-4.15%,3.10%,0.15%,0.24%,0.54%,0.57%,1.25%,0.44%,0.41%,0.80%,0.04%,0.11%,0.07%
5/31/2004,0.78%,1.33%,0.34%,-1.99%,0.91%,0.47%,1.37%,1.45%,1.59%,1.44%,1.86%,1.02%,-0.14%,1.70%,7.53%,-0.56%,-0.87%,-1.01%,-0.40%,-1.75%,-0.72%,-0.37%,-0.23%,1.80%,-0.19%,0.08%
4/30/2004,-2.35%,-1.54%,-2.26%,-8.19%,-2.05%,-2.62%,-1.57%,-2.07%,-5.10%,-1.81%,-1.16%,-2.44%,-1.14%,-1.77%,-13.87%,-0.24%,-0.88%,-1.32%,-2.60%,-0.90%,-3.14%,-3.01%,-1.88%,-4.85%,-0.99%,0.08%
3/31/2004,-0.57%,-1.59%,0.56%,1.25%,-0.66%,0.50%,-1.51%,-1.19%,0.93%,-1.36%,-1.86%,-0.88%,-2.00%,3.09%,5.91%,0.27%,0.45%,0.76%,0.75%,0.99%,0.94%,0.88%,0.49%,1.60%,0.40%,0.08%
2/29/2004,1.81%,1.21%,2.31%,4.59%,1.67%,2.30%,1.39%,1.35%,0.90%,1.38%,0.64%,2.14%,1.14%,6.49%,2.04%,0.72%,1.10%,1.24%,1.08%,0.09%,1.25%,1.20%,0.87%,2.31%,0.64%,0.07%
1/31/2004,1.69%,1.81%,1.41%,3.49%,1.60%,1.39%,1.84%,2.09%,4.34%,1.90%,2.04%,1.76%,0.46%,1.81%,3.73%,1.37%,1.59%,1.92%,0.80%,1.57%,1.05%,0.83%,0.66%,1.15%,0.36%,0.08%
12/31/2003,6.31%,5.20%,7.81%,7.24%,6.27%,7.67%,5.24%,4.57%,2.03%,4.79%,3.46%,6.16%,7.02%,7.38%,3.18%,1.00%,1.55%,2.15%,1.02%,1.98%,1.14%,0.89%,1.06%,1.02%,0.76%,0.08%
11/30/2003,1.50%,0.97%,2.22%,1.22%,1.51%,2.27%,0.88%,1.38%,3.55%,1.20%,1.05%,1.36%,0.08%,-0.31%,4.34%,0.61%,0.62%,0.79%,0.24%,1.41%,0.51%,0.12%,0.20%,0.06%,,0.08%
10/31/2003,6.04%,5.71%,6.23%,8.51%,5.92%,6.26%,5.66%,6.05%,8.40%,5.86%,5.62%,6.12%,5.87%,4.78%,1.52%,1.00%,1.53%,2.32%,-0.93%,1.81%,-1.05%,-1.42%,-0.41%,0.54%,,0.07%
9/30/2003,0.61%,-1.15%,3.08%,0.73%,0.60%,3.00%,-1.06%,-1.09%,-1.85%,-1.02%,-1.07%,-0.98%,-1.36%,0.08%,3.37%,1.23%,1.18%,1.09%,2.65%,2.50%,3.58%,2.91%,1.82%,3.31%,,0.09%
8/31/2003,2.34%,1.88%,2.41%,6.69%,2.15%,2.58%,1.95%,2.22%,4.58%,2.03%,2.49%,1.56%,2.22%,3.95%,1.07%,0.17%,0.83%,1.63%,0.66%,0.90%,0.83%,0.56%,0.67%,1.79%,,0.08%
7/31/2003,2.19%,1.86%,2.42%,6.22%,2.02%,2.29%,1.76%,2.29%,6.26%,1.99%,2.49%,1.49%,2.92%,0.60%,5.80%,-0.25%,0.23%,1.23%,-3.36%,-1.16%,-4.34%,-4.13%,-2.03%,-4.62%,,0.07%
6/30/2003,1.87%,1.24%,2.42%,5.67%,1.72%,2.43%,1.28%,1.35%,1.81%,1.32%,1.38%,1.25%,1.67%,-2.47%,1.95%,0.48%,0.67%,1.22%,-0.20%,2.46%,-0.23%,-0.52%,0.13%,-1.02%,,0.11%
5/31/2003,5.75%,5.37%,6.06%,7.15%,5.69%,6.20%,5.27%,6.04%,10.73%,5.70%,4.99%,6.46%,4.72%,5.85%,5.74%,1.26%,2.08%,2.81%,1.86%,0.66%,3.24%,2.60%,0.33%,4.74%,,0.09%
4/30/2003,8.86%,8.35%,9.80%,8.89%,8.86%,9.60%,8.24%,8.17%,9.48%,8.07%,7.39%,8.80%,6.25%,-0.62%,4.21%,1.06%,1.22%,1.77%,0.83%,4.75%,2.00%,0.46%,0.44%,-0.26%,,0.10%
3/31/2003,-0.43%,0.93%,-1.96%,-2.86%,-0.33%,-1.93%,0.97%,1.05%,1.29%,1.04%,1.86%,0.17%,1.43%,-7.54%,2.54%,0.34%,-0.03%,-0.12%,-0.08%,2.41%,0.04%,-0.29%,0.01%,-1.62%,,0.11%
2/28/2003,-1.79%,-1.52%,-2.29%,-2.81%,-1.75%,-1.97%,-1.50%,-1.65%,-3.02%,-1.55%,-0.46%,-2.67%,-1.73%,3.36%,1.47%,0.61%,0.34%,-0.15%,1.38%,1.00%,2.05%,1.61%,0.76%,3.75%,,0.09%
1/31/2003,-2.94%,-2.41%,-4.17%,-0.44%,-3.05%,-3.81%,-2.62%,-2.45%,-2.77%,-2.42%,-2.43%,-2.42%,-3.33%,7.70%,-2.93%,1.16%,0.84%,0.13%,0.09%,2.48%,0.42%,-0.25%,0.22%,0.75%,,0.10%
12/31/2002,-4.80%,-6.04%,-3.36%,-3.33%,-4.86%,-3.23%,-5.87%,-5.65%,-5.57%,-5.66%,-6.91%,-4.34%,-6.09%,4.90%,1.46%,0.90%,0.68%,-0.75%,2.07%,1.08%,3.05%,2.42%,1.17%,3.36%,,0.11%
11/30/2002,5.43%,6.02%,4.54%,6.88%,5.38%,4.60%,5.89%,6.05%,8.92%,5.85%,5.43%,6.30%,6.25%,0.28%,4.95%,0.95%,0.84%,1.40%,-0.03%,5.88%,1.56%,-0.86%,-0.16%,-0.07%,,0.13%
10/31/2002,7.34%,9.08%,5.37%,6.50%,7.37%,5.25%,8.80%,7.96%,3.21%,8.31%,9.17%,7.41%,10.84%,-1.03%,-4.97%,0.31%,-0.20%,0.07%,-0.46%,-0.95%,-1.34%,-0.80%,0.32%,-2.67%,,0.15%
9/30/2002,-11.00%,-11.28%,-10.74%,-10.79%,-11.01%,-10.61%,-10.87%,-10.51%,-7.18%,-10.74%,-10.37%,-11.12%,-12.25%,3.77%,-4.42%,-0.27%,-0.45%,-1.60%,1.62%,-1.24%,1.91%,2.34%,0.82%,2.52%,,0.15%
8/31/2002,0.22%,0.48%,-0.23%,1.53%,0.17%,-0.16%,0.66%,0.47%,-0.25%,0.52%,0.30%,0.76%,-0.59%,3.94%,0.04%,0.30%,0.33%,0.24%,1.69%,3.32%,2.65%,1.98%,0.87%,3.58%,,0.14%
7/31/2002,-8.41%,-7.19%,-9.87%,-7.64%,-8.44%,-9.94%,-7.80%,-7.95%,-15.10%,-7.40%,-5.50%,-9.30%,-5.36%,-0.54%,-6.20%,-0.65%,-1.34%,-2.52%,1.21%,-3.90%,-0.36%,2.20%,1.21%,1.65%,,0.15%
6/30/2002,-6.14%,-7.62%,-3.98%,-7.53%,-6.08%,-4.07%,-7.12%,-7.20%,-4.96%,-7.38%,-9.25%,-5.74%,-6.76%,1.94%,2.05%,-0.44%,-0.88%,-2.34%,0.86%,-5.20%,0.01%,1.40%,0.89%,1.42%,,0.14%
5/31/2002,0.08%,-0.74%,1.27%,-1.62%,0.17%,1.31%,-0.74%,-1.16%,-4.44%,-0.88%,-2.42%,0.50%,0.07%,-1.54%,1.01%,0.48%,0.44%,-0.04%,0.85%,-0.13%,1.41%,0.60%,0.74%,1.59%,,0.15%
4/30/2002,-3.20%,-6.49%,0.66%,0.64%,-3.40%,0.59%,-6.06%,-5.25%,0.91%,-5.73%,-8.16%,-3.43%,-4.31%,0.00%,0.61%,0.62%,0.64%,0.45%,1.94%,1.21%,1.26%,2.38%,1.94%,2.73%,,0.14%
3/31/2002,4.48%,3.73%,5.41%,5.98%,4.40%,5.32%,3.76%,4.38%,8.04%,4.11%,3.46%,4.73%,3.04%,10.23%,6.15%,0.64%,0.78%,1.57%,-1.66%,2.11%,-1.86%,-2.17%,-1.10%,-0.62%,,0.15%
2/28/2002,-0.76%,-1.95%,0.70%,1.62%,-0.88%,0.61%,-1.93%,-2.04%,-2.74%,-1.99%,-4.15%,0.16%,2.11%,2.59%,2.29%,0.01%,-0.26%,-0.70%,0.97%,-0.82%,0.66%,0.92%,1.15%,1.52%,,0.13%
1/31/2002,-2.76%,-1.41%,-5.31%,3.37%,-3.04%,-5.09%,-1.46%,-1.25%,-1.04%,-1.27%,-1.77%,-0.77%,-0.90%,-0.67%,0.43%,0.69%,0.45%,0.18%,0.81%,0.71%,0.85%,0.65%,0.93%,0.59%,,0.14%
12/31/2001,0.92%,0.64%,0.59%,7.93%,0.62%,0.64%,0.88%,1.41%,6.17%,1.07%,-0.19%,2.36%,1.83%,-1.97%,2.90%,0.39%,1.07%,1.63%,-0.64%,-0.46%,-0.72%,-0.87%,-0.40%,-1.17%,,0.15%
11/30/2001,6.12%,7.71%,3.69%,10.43%,5.90%,3.93%,7.67%,7.70%,7.74%,7.70%,9.61%,5.81%,8.86%,0.77%,6.48%,0.32%,0.36%,1.61%,-1.38%,3.37%,-0.85%,-2.24%,-0.97%,-2.23%,,0.20%
10/31/2001,2.11%,1.46%,2.56%,6.20%,1.91%,2.45%,1.91%,2.33%,5.85%,2.08%,5.25%,-0.86%,2.69%,-4.75%,-3.74%,0.73%,0.93%,1.14%,2.09%,3.05%,2.46%,2.58%,1.41%,2.37%,,0.24%
9/30/2001,-9.16%,-7.64%,-10.13%,-15.49%,-8.82%,-10.09%,-8.08%,-8.82%,-13.46%,-8.48%,-9.98%,-7.04%,-11.00%,-6.75%,-5.93%,-0.51%,-1.58%,-2.88%,1.17%,-5.84%,-0.34%,1.74%,1.55%,0.58%,,0.34%
8/31/2001,-4.63%,-6.64%,-2.53%,-1.00%,-4.81%,-2.67%,-6.26%,-5.90%,-3.23%,-6.09%,-8.18%,-4.01%,-5.19%,-0.04%,3.49%,-0.01%,0.18%,-0.22%,1.15%,1.09%,1.30%,1.24%,0.93%,0.14%,,0.31%
7/31/2001,-1.60%,-0.93%,-1.82%,-6.36%,-1.34%,-1.76%,-0.98%,-1.65%,-5.41%,-1.37%,-2.50%,-0.21%,0.31%,1.30%,-2.00%,0.43%,-0.43%,-1.27%,2.24%,1.41%,2.71%,2.40%,1.83%,1.67%,,0.30%
6/30/2001,-3.09%,-2.29%,-4.09%,-2.09%,-3.15%,-4.08%,-2.43%,-1.84%,3.45%,-2.26%,-2.32%,-2.22%,-3.69%,-3.99%,5.37%,-0.09%,-0.06%,0.32%,0.38%,-2.37%,0.50%,0.46%,0.22%,-0.12%,,0.29%
5/31/2001,-1.18%,0.60%,-3.53%,1.16%,-1.30%,-3.29%,0.67%,0.80%,2.46%,0.68%,-1.47%,2.25%,1.90%,-2.10%,2.80%,0.85%,0.90%,1.18%,0.60%,1.59%,0.89%,0.33%,0.64%,1.18%,,0.35%
4/30/2001,7.24%,7.79%,6.95%,4.93%,7.37%,6.96%,7.77%,8.02%,7.82%,8.03%,12.65%,4.90%,8.76%,3.52%,2.39%,0.77%,0.69%,1.25%,-0.42%,-0.85%,-0.33%,-1.02%,0.12%,0.56%,,0.41%
3/31/2001,-6.77%,-6.37%,-6.67%,-9.87%,-6.59%,-6.78%,-6.34%,-6.52%,-4.89%,-6.64%,-10.88%,-3.53%,-5.79%,-4.26%,0.08%,-0.57%,-0.44%,-1.86%,0.50%,-2.04%,0.61%,0.35%,0.57%,0.96%,,0.46%
2/28/2001,-8.43%,-8.94%,-7.50%,-7.84%,-8.46%,-7.92%,-9.12%,-9.14%,-6.56%,-9.33%,-16.98%,-2.78%,-3.38%,-0.42%,-2.08%,-0.82%,-0.74%,-2.20%,0.87%,1.21%,0.84%,1.14%,0.62%,1.69%,,0.38%
1/31/2001,2.51%,3.66%,-0.05%,13.76%,1.93%,0.18%,3.55%,3.42%,5.21%,3.29%,6.91%,0.38%,1.02%,-2.35%,1.00%,1.60%,1.93%,2.66%,1.64%,7.04%,2.86%,1.01%,1.57%,2.09%,,0.56%
12/31/2000,1.67%,-0.15%,3.55%,2.41%,1.60%,3.50%,0.49%,1.68%,8.59%,1.21%,-3.16%,5.01%,3.65%,3.20%,6.95%,0.74%,1.38%,1.52%,1.86%,2.32%,1.86%,1.99%,1.66%,1.08%,,0.53%
11/30/2000,-6.20%,-7.90%,-3.75%,-8.74%,-6.08%,-4.03%,-7.88%,-9.22%,-10.27%,-9.14%,-14.74%,-3.71%,-4.93%,8.04%,2.25%,-0.34%,-1.54%,-4.73%,1.64%,-3.62%,1.19%,1.97%,1.52%,1.45%,,0.53%
10/31/2000,-1.96%,-0.71%,-2.36%,-7.25%,-1.69%,-2.73%,-0.42%,-1.42%,-4.46%,-1.20%,-4.73%,2.46%,3.07%,-2.42%,-4.35%,0.17%,-1.01%,-2.53%,0.66%,-2.85%,0.02%,0.96%,0.71%,1.21%,,0.51%
9/30/2000,-5.49%,-5.44%,-4.87%,-8.73%,-5.33%,-5.18%,-5.28%,-4.53%,-2.94%,-4.64%,-9.46%,0.92%,-4.91%,-0.62%,3.25%,-0.62%,-1.16%,-1.46%,0.63%,-0.93%,0.55%,0.28%,1.05%,0.52%,,0.52%
8/31/2000,3.11%,5.20%,0.87%,0.49%,3.24%,1.31%,6.21%,7.42%,7.63%,7.40%,9.05%,5.56%,6.83%,9.84%,-3.60%,1.26%,2.00%,3.89%,1.45%,0.88%,1.25%,1.48%,1.51%,0.74%,,0.51%
7/31/2000,-2.94%,-1.79%,-4.19%,-5.14%,-2.83%,-3.82%,-1.56%,-1.77%,-3.22%,-1.66%,-4.17%,1.25%,0.77%,-5.01%,8.98%,0.22%,-0.22%,-0.66%,0.91%,0.75%,1.21%,0.97%,0.66%,0.86%,,0.47%
6/30/2000,3.39%,2.40%,3.91%,3.52%,3.35%,4.32%,2.47%,2.96%,8.72%,2.55%,7.58%,-4.57%,-0.59%,2.36%,3.36%,1.31%,2.82%,4.24%,2.08%,2.26%,2.51%,1.78%,2.14%,1.26%,,0.42%
5/31/2000,-2.60%,-2.64%,-2.44%,-4.13%,-2.54%,-2.42%,-2.05%,-2.81%,-5.83%,-2.59%,-5.04%,1.05%,-1.78%,6.73%,1.20%,-0.98%,-1.58%,-3.55%,-0.05%,-0.66%,-0.37%,0.06%,0.03%,-0.26%,,0.57%
4/30/2000,-4.49%,-3.23%,-5.26%,-9.48%,-4.24%,-5.19%,-3.01%,-3.52%,-6.02%,-3.33%,-4.76%,-1.16%,-1.66%,-1.23%,7.13%,-0.87%,-3.37%,-5.51%,-0.29%,0.18%,-0.88%,-0.28%,0.07%,1.33%,,0.45%
3/31/2000,6.57%,9.98%,3.88%,0.49%,6.90%,4.10%,9.78%,7.83%,-6.59%,9.11%,7.16%,12.20%,7.96%,0.97%,4.38%,1.30%,0.23%,-0.68%,1.32%,-2.02%,0.85%,1.76%,1.10%,2.92%,,0.47%
2/29/2000,0.34%,-2.37%,2.69%,1.32%,0.26%,2.83%,-1.89%,0.93%,16.51%,-0.27%,4.89%,-7.43%,-7.25%,1.75%,-1.91%,1.99%,5.21%,8.75%,1.21%,0.11%,0.93%,1.42%,1.13%,0.90%,,0.43%
1/31/2000,-5.39%,-5.35%,-6.35%,0.60%,-5.74%,-6.08%,-5.02%,-3.92%,-1.61%,-4.09%,-4.69%,-3.26%,-4.81%,5.42%,0.41%,1.50%,1.54%,1.06%,-0.33%,-0.64%,-0.35%,0.14%,-0.84%,0.44%,,0.42%
12/31/1999,8.33%,6.98%,8.98%,12.72%,8.08%,9.19%,5.89%,6.38%,11.32%,6.03%,10.40%,0.48%,5.81%,2.87%,3.76%,3.96%,6.85%,9.47%,-0.48%,1.12%,-0.53%,-0.65%,-0.27%,-0.80%,,0.43%
11/30/1999,3.11%,2.15%,3.47%,8.97%,2.80%,3.50%,2.03%,2.80%,5.97%,2.57%,5.40%,-0.78%,1.57%,2.35%,-1.57%,3.45%,4.91%,6.89%,-0.01%,1.35%,0.11%,-0.14%,0.08%,0.61%,,0.42%
10/31/1999,5.06%,6.54%,3.75%,2.13%,5.18%,3.86%,6.33%,6.27%,0.41%,6.72%,7.55%,5.76%,3.85%,-3.96%,-1.86%,0.86%,1.27%,2.28%,0.37%,-0.49%,0.46%,0.16%,0.56%,0.20%,,0.38%
9/30/1999,-1.08%,-2.97%,1.01%,-3.38%,-0.98%,1.08%,-2.74%,-2.56%,0.02%,-2.75%,-2.10%,-3.49%,-4.42%,5.20%,-4.51%,0.81%,-0.12%,0.19%,1.16%,-0.30%,1.09%,0.81%,1.62%,0.39%,,0.41%
8/31/1999,-0.12%,-0.63%,0.37%,0.91%,-0.19%,0.28%,-0.49%,-1.14%,-3.70%,-0.94%,1.63%,-3.71%,1.87%,5.80%,-1.50%,0.37%,0.11%,-0.12%,-0.05%,-1.00%,-0.24%,0.00%,0.00%,0.18%,,0.40%
7/31/1999,-0.41%,-3.24%,2.97%,-2.72%,-0.31%,2.88%,-3.12%,-3.03%,-2.74%,-3.05%,-3.18%,-2.93%,-2.83%,1.76%,-3.83%,1.16%,0.73%,1.01%,-0.43%,0.26%,-0.55%,-0.15%,-0.68%,-0.05%,,0.36%
6/30/1999,4.98%,5.38%,3.90%,11.35%,4.65%,3.91%,5.55%,5.05%,4.52%,5.10%,7.00%,2.90%,4.02%,5.59%,-1.69%,1.45%,2.84%,4.14%,-0.32%,-0.24%,-0.52%,-0.20%,-0.34%,0.06%,,0.39%
5/31/1999,-3.53%,-2.32%,-5.15%,-0.58%,-3.67%,-5.05%,-2.36%,-1.90%,1.46%,-2.16%,-3.07%,-1.10%,-1.90%,-6.14%,1.69%,1.15%,0.84%,1.10%,-0.88%,-1.52%,-1.34%,-0.88%,-0.56%,0.69%,,0.38%
4/30/1999,4.32%,3.62%,4.05%,12.37%,3.93%,4.29%,3.87%,4.51%,8.96%,4.18%,0.13%,9.34%,10.29%,4.04%,10.66%,1.71%,3.26%,4.66%,0.32%,1.64%,0.29%,0.23%,0.46%,0.66%,,0.37%
3/31/1999,4.50%,4.16%,4.17%,13.18%,4.15%,4.17%,4.00%,3.67%,1.56%,3.83%,5.27%,2.07%,5.30%,9.58%,-0.54%,1.17%,2.08%,3.29%,0.55%,0.84%,0.71%,0.39%,0.67%,-0.01%,,0.42%
2/28/1999,-2.51%,-2.79%,-2.38%,0.97%,-2.67%,-2.52%,-3.11%,-3.54%,-8.10%,-3.17%,-4.57%,-1.41%,-0.32%,-3.48%,-0.79%,0.35%,-0.22%,-1.12%,-1.75%,-0.65%,-2.37%,-2.38%,-0.42%,-0.70%,,0.32%
1/31/1999,2.04%,4.32%,-0.30%,-1.61%,2.18%,0.02%,4.18%,3.40%,1.33%,3.57%,5.87%,0.80%,1.98%,-0.44%,-2.16%,1.09%,1.41%,1.71%,0.71%,1.39%,0.99%,0.58%,0.72%,1.16%,,0.35%
12/31/1998,4.64%,5.91%,3.94%,-1.45%,4.87%,3.84%,5.76%,6.36%,6.19%,6.37%,9.02%,3.40%,0.84%,-3.39%,-1.43%,0.02%,1.60%,0.42%,0.30%,0.24%,0.29%,0.22%,0.42%,-0.60%,,0.39%
11/30/1998,6.07%,6.81%,5.12%,8.32%,5.93%,5.07%,6.06%,6.12%,5.24%,6.19%,7.61%,4.66%,6.38%,-7.21%,1.88%,1.65%,1.44%,3.23%,0.57%,3.85%,1.88%,0.03%,0.51%,-0.10%,,0.35%
10/31/1998,9.13%,7.76%,10.42%,10.53%,9.02%,10.41%,8.13%,7.59%,4.08%,7.90%,8.04%,7.75%,9.61%,-2.97%,-1.38%,-1.15%,-1.96%,-2.63%,-0.53%,-1.76%,-1.54%,-0.34%,-0.15%,0.22%,,0.34%
9/30/1998,1.99%,6.59%,-3.07%,6.34%,1.75%,-2.86%,6.41%,6.82%,7.83%,6.73%,7.68%,5.74%,4.19%,7.76%,5.60%,-1.72%,-2.55%,-2.81%,2.34%,0.87%,3.24%,2.70%,1.23%,2.01%,,0.49%
8/31/1998,-14.01%,-13.90%,-12.39%,-28.91%,-13.35%,-12.77%,-14.46%,-15.32%,-19.42%,-14.95%,-15.01%,-14.88%,-14.91%,-6.34%,-10.40%,-3.88%,-7.47%,-12.11%,1.63%,-4.89%,0.47%,2.60%,0.91%,0.23%,,0.44%
7/31/1998,0.03%,-0.97%,1.01%,3.17%,-0.18%,0.65%,-1.06%,-1.82%,-8.10%,-1.20%,-0.66%,-1.76%,-0.72%,-6.02%,-6.96%,0.39%,-0.21%,-0.96%,0.21%,0.51%,-0.09%,0.15%,0.50%,0.46%,,0.42%
6/30/1998,1.80%,4.31%,0.76%,-10.49%,2.36%,0.53%,4.06%,3.38%,0.21%,3.70%,6.12%,1.28%,0.71%,-2.15%,-0.53%,0.34%,-0.55%,-0.38%,0.85%,0.44%,0.74%,1.14%,0.48%,0.24%,,0.44%
5/31/1998,-1.90%,-1.99%,-0.49%,-13.70%,-1.27%,-0.52%,-1.72%,-2.47%,-5.39%,-2.16%,-2.84%,-1.48%,-1.57%,-4.93%,-0.96%,0.55%,-0.93%,-1.73%,0.95%,0.41%,1.19%,1.03%,0.67%,0.71%,,0.40%
4/30/1998,0.94%,1.19%,0.79%,-1.09%,0.96%,0.78%,1.01%,0.98%,0.55%,1.03%,1.38%,0.67%,3.04%,-1.31%,-3.16%,1.05%,0.91%,1.13%,0.52%,0.44%,0.63%,0.45%,0.57%,0.37%,,0.46%
3/31/1998,4.27%,5.20%,3.08%,4.34%,4.21%,3.28%,5.12%,4.96%,4.12%,5.04%,3.99%,6.12%,3.11%,0.29%,1.97%,1.80%,4.01%,4.52%,0.34%,0.90%,0.37%,0.28%,0.42%,-0.05%,,0.46%
2/28/1998,6.84%,7.03%,6.42%,10.44%,6.75%,6.51%,7.21%,7.15%,7.39%,7.13%,7.52%,6.73%,8.37%,-4.30%,-1.28%,0.30%,1.90%,2.98%,-0.08%,0.58%,-0.03%,-0.27%,0.20%,-0.09%,,0.38%
1/31/1998,2.20%,1.31%,4.57%,-7.84%,2.77%,4.26%,1.11%,0.52%,-1.58%,0.74%,2.99%,-1.42%,0.01%,0.37%,-1.40%,-0.83%,-0.96%,-0.91%,1.28%,1.70%,1.19%,1.50%,1.01%,0.49%,,0.44%
12/31/1997,1.31%,1.50%,0.87%,2.41%,1.20%,0.95%,1.72%,2.00%,1.75%,2.03%,1.12%,2.92%,1.23%,-3.99%,2.23%,1.37%,1.05%,1.06%,1.01%,0.96%,1.06%,1.05%,0.91%,-0.42%,,0.47%
11/30/1997,1.53%,4.86%,-1.02%,-3.65%,1.75%,-1.12%,4.63%,3.83%,-0.65%,4.34%,4.25%,4.42%,5.40%,-3.97%,2.01%,1.02%,-0.51%,-1.25%,0.46%,0.96%,0.56%,0.51%,0.31%,0.56%,,0.40%
10/31/1997,-5.95%,-2.71%,-7.69%,-16.41%,-5.28%,-7.54%,-3.34%,-3.36%,-4.39%,-3.24%,-3.70%,-2.79%,-6.29%,0.40%,-4.25%,0.48%,-1.44%,-1.97%,1.45%,0.17%,1.27%,1.73%,1.10%,1.03%,,0.40%
9/30/1997,5.33%,5.24%,5.60%,2.77%,5.42%,5.61%,5.48%,5.67%,7.32%,5.48%,4.92%,6.04%,4.37%,1.12%,9.85%,1.58%,2.78%,3.86%,1.47%,1.77%,1.75%,1.50%,1.26%,0.20%,,0.47%
8/31/1997,-7.02%,-5.92%,-7.47%,-12.72%,-6.71%,-7.37%,-5.60%,-4.06%,2.29%,-4.72%,-5.85%,-3.56%,-7.07%,-0.10%,-0.74%,-0.64%,-0.32%,0.66%,-0.85%,-0.39%,-1.48%,-0.99%,-0.24%,0.30%,,0.43%
7/31/1997,4.52%,7.93%,1.62%,1.49%,4.59%,1.84%,7.96%,7.84%,4.65%,8.18%,8.84%,7.52%,7.23%,3.25%,3.29%,3.02%,4.64%,7.20%,2.70%,2.84%,3.66%,2.84%,1.88%,0.95%,,0.43%
6/30/1997,5.12%,4.58%,5.51%,5.35%,4.97%,5.34%,4.48%,4.16%,4.29%,4.14%,4.00%,4.29%,4.78%,-5.75%,4.96%,1.38%,2.50%,3.58%,1.19%,1.48%,1.42%,1.12%,1.16%,-0.32%,,0.37%
5/31/1997,5.97%,5.68%,6.51%,2.86%,6.15%,6.59%,6.09%,6.83%,11.12%,6.40%,7.22%,5.59%,4.86%,1.48%,2.98%,1.43%,1.82%,3.73%,0.95%,2.07%,1.13%,0.86%,0.97%,0.54%,,0.47%
4/30/1997,3.21%,6.61%,0.53%,0.18%,3.25%,0.61%,5.97%,4.93%,0.28%,5.41%,6.64%,4.20%,6.54%,0.79%,-3.24%,0.72%,0.37%,0.14%,1.50%,1.13%,1.52%,1.44%,1.58%,0.61%,,0.46%
3/31/1997,-2.00%,-4.46%,0.36%,-2.63%,-2.00%,0.10%,-4.11%,-4.53%,-4.72%,-4.50%,-5.41%,-3.60%,-4.12%,2.09%,0.34%,0.46%,-0.82%,-1.79%,-1.11%,-1.47%,-1.56%,-1.06%,-0.93%,-1.37%,,0.42%
2/28/1997,1.36%,0.73%,1.64%,4.28%,1.13%,1.52%,0.78%,0.11%,-2.42%,0.38%,-0.68%,1.47%,1.24%,1.05%,0.06%,1.26%,1.68%,1.75%,0.25%,1.57%,0.42%,0.14%,0.34%,,,0.38%
1/31/1997,1.68%,6.87%,-3.50%,6.82%,1.19%,-3.12%,6.25%,5.53%,2.00%,5.93%,7.01%,4.85%,5.70%,0.64%,1.42%,1.98%,3.55%,4.17%,0.31%,1.00%,0.14%,0.11%,0.73%,,,0.44%
12/31/1996,-1.45%,-1.87%,-1.29%,0.45%,-1.62%,-1.39%,-1.98%,-1.20%,2.62%,-1.62%,-1.96%,-1.28%,-1.00%,1.36%,10.67%,1.05%,0.68%,0.92%,-0.93%,0.83%,-1.38%,-1.02%,,,,0.44%
11/30/1996,5.35%,7.58%,3.98%,1.68%,5.58%,4.12%,7.56%,7.05%,4.12%,7.38%,7.51%,7.25%,8.46%,5.58%,4.15%,1.47%,2.34%,2.91%,1.71%,2.05%,2.14%,1.74%,,,,0.41%
10/31/1996,0.40%,2.58%,-1.02%,-2.67%,0.68%,-0.67%,2.76%,1.83%,-1.54%,2.21%,0.60%,3.87%,2.58%,-1.39%,2.71%,1.31%,1.59%,1.25%,2.22%,0.93%,2.73%,2.20%,,,,0.43%
9/30/1996,3.69%,5.62%,2.66%,0.87%,3.89%,2.71%,5.63%,5.44%,3.91%,5.62%,7.28%,3.98%,4.89%,0.51%,2.50%,0.95%,1.25%,2.24%,1.74%,2.36%,2.12%,1.66%,,,,0.46%
8/31/1996,1.23%,2.26%,0.22%,2.56%,1.13%,0.38%,2.11%,3.03%,5.81%,2.72%,2.58%,2.86%,1.88%,4.85%,4.26%,1.13%,1.53%,2.75%,-0.17%,1.08%,-0.31%,-0.22%,,,,0.42%
7/31/1996,-3.73%,-4.38%,-2.92%,-6.83%,-3.55%,-2.93%,-4.42%,-5.23%,-8.73%,-4.82%,-5.86%,-3.78%,-2.12%,-1.42%,-0.89%,-0.27%,-1.87%,-3.76%,0.27%,0.58%,0.19%,0.25%,,,,0.46%
6/30/1996,0.55%,0.61%,0.56%,0.62%,0.49%,0.43%,0.38%,-0.32%,-4.11%,0.11%,0.14%,0.08%,0.34%,-0.17%,1.99%,0.83%,0.38%,-0.18%,1.34%,0.83%,1.47%,1.29%,,,,0.41%
5/31/1996,0.10%,2.69%,-1.84%,-0.45%,0.07%,-1.71%,2.58%,2.56%,3.94%,2.40%,3.49%,1.25%,1.68%,-0.45%,2.24%,1.34%,1.54%,2.61%,-0.20%,0.43%,-0.18%,-0.17%,,,,0.43%
4/30/1996,2.44%,1.50%,2.91%,4.00%,2.33%,2.95%,1.47%,1.90%,5.35%,1.52%,2.63%,0.38%,-0.27%,4.90%,0.44%,1.27%,3.09%,3.59%,-0.56%,0.25%,-0.83%,-0.64%,,,,0.46%
3/31/1996,1.54%,1.03%,2.12%,0.78%,1.64%,2.12%,0.96%,1.01%,2.04%,0.90%,0.13%,1.70%,2.02%,4.76%,0.81%,1.12%,0.99%,0.87%,-0.70%,-0.19%,-0.85%,-0.83%,,,,0.38%
2/29/1996,0.42%,1.06%,0.34%,-1.59%,0.59%,0.29%,0.93%,1.48%,3.12%,1.30%,1.83%,0.76%,2.00%,2.13%,1.98%,0.96%,-0.62%,-1.66%,-1.74%,-0.09%,-2.38%,-2.04%,,,,0.39%
1/31/1996,2.22%,3.59%,0.41%,7.11%,1.79%,0.59%,3.40%,2.90%,-0.11%,3.23%,3.34%,3.12%,5.51%,0.72%,1.37%,1.79%,2.73%,3.74%,0.66%,1.76%,0.65%,0.61%,,,,0.45%
12/31/1995,3.01%,1.53%,4.03%,4.44%,2.90%,3.91%,1.93%,1.63%,2.64%,1.52%,0.57%,2.51%,1.01%,5.29%,5.80%,1.69%,2.22%,2.25%,1.40%,1.61%,1.65%,1.42%,,,,0.49%
11/30/1995,3.15%,4.42%,2.78%,-1.78%,3.45%,2.82%,4.39%,4.44%,4.20%,4.46%,3.89%,5.06%,7.12%,1.56%,1.04%,1.21%,1.15%,1.61%,1.50%,0.87%,1.91%,1.56%,,,,0.43%
10/31/1995,-1.67%,-0.03%,-2.69%,-3.83%,-1.60%,-2.62%,-0.36%,-0.86%,-4.47%,-0.46%,0.07%,-0.99%,-0.64%,0.85%,-3.10%,0.86%,-0.53%,-0.68%,1.30%,0.69%,1.30%,1.52%,,,,0.48%
9/30/1995,2.75%,4.51%,1.95%,-0.47%,2.89%,1.86%,4.22%,3.87%,1.79%,4.12%,4.61%,3.62%,4.06%,0.95%,1.85%,1.20%,0.75%,1.30%,0.97%,1.22%,1.18%,0.96%,,,,0.43%
8/31/1995,-2.19%,0.03%,-3.81%,-2.36%,-2.25%,-3.67%,0.25%,0.89%,2.07%,0.75%,0.11%,1.41%,-1.71%,1.71%,1.21%,1.42%,2.28%,3.43%,1.21%,0.49%,1.61%,1.17%,,,,0.48%
7/31/1995,4.84%,3.42%,6.23%,2.24%,4.98%,6.05%,3.32%,4.02%,5.76%,3.82%,4.16%,3.48%,3.41%,1.94%,1.61%,1.22%,1.74%,3.75%,-0.22%,1.13%,-0.44%,-0.37%,,,,0.47%
6/30/1995,0.02%,2.48%,-1.75%,0.30%,-0.05%,-1.62%,2.32%,2.89%,5.19%,2.65%,3.86%,1.35%,2.22%,-0.99%,1.74%,0.53%,0.57%,1.45%,0.73%,0.68%,0.90%,0.77%,,,,0.49%
5/31/1995,1.10%,3.93%,-1.19%,5.32%,0.83%,-1.00%,4.00%,3.63%,1.72%,3.84%,3.48%,4.20%,3.75%,-0.68%,3.31%,0.78%,0.90%,1.42%,3.87%,2.87%,4.71%,4.03%,,,,0.53%
4/30/1995,3.64%,3.16%,3.76%,4.49%,3.46%,3.69%,2.94%,2.61%,2.22%,2.66%,2.19%,3.16%,4.00%,2.00%,-0.72%,1.08%,1.48%,2.18%,1.40%,2.37%,1.69%,1.31%,,,,0.45%
3/31/1995,4.58%,2.70%,6.24%,0.64%,4.80%,6.17%,2.95%,2.49%,1.72%,2.57%,2.92%,2.20%,3.86%,2.48%,0.59%,1.52%,1.43%,1.28%,0.61%,1.01%,0.82%,0.63%,,,,0.48%
2/28/1995,1.07%,3.97%,-0.29%,-2.56%,1.43%,-0.07%,3.90%,4.08%,4.16%,4.07%,4.19%,3.96%,4.78%,-0.13%,3.12%,0.21%,-0.09%,0.09%,2.38%,3.29%,2.88%,2.15%,,,,0.45%
1/31/1995,-2.03%,2.78%,-3.84%,-10.64%,-1.53%,-3.95%,2.59%,2.19%,-1.26%,2.59%,2.14%,3.08%,0.34%,-0.57%,-3.23%,0.63%,-1.26%,-2.24%,1.98%,1.35%,2.12%,1.86%,,,,0.46%
12/31/1994,0.35%,1.49%,0.63%,-8.03%,0.94%,0.68%,1.48%,1.56%,2.69%,1.43%,1.68%,1.16%,2.75%,2.82%,7.75%,-0.17%,-0.49%,-3.75%,0.69%,0.83%,0.83%,0.61%,,,,0.48%
11/30/1994,-4.34%,-3.39%,-4.81%,-5.20%,-4.36%,-4.86%,-3.64%,-3.65%,-4.04%,-3.60%,-3.21%,-4.03%,-3.90%,-0.22%,-3.91%,-0.31%,-1.01%,-1.59%,-0.22%,-0.97%,-0.16%,-0.18%,,,,0.38%
10/31/1994,2.56%,2.32%,3.33%,-1.80%,2.82%,3.15%,2.25%,1.65%,-0.39%,1.89%,2.35%,1.39%,1.79%,0.80%,-3.66%,0.22%,-0.95%,-0.75%,-0.09%,0.38%,-0.23%,-0.07%,,,,0.41%
9/30/1994,-2.35%,-2.10%,-3.15%,1.14%,-2.65%,-2.92%,-2.45%,-2.13%,-0.33%,-2.33%,-1.35%,-3.31%,-1.61%,0.15%,-1.67%,0.71%,0.78%,0.83%,-1.47%,0.19%,-1.86%,-1.41%,,,,0.37%
8/31/1994,3.56%,3.95%,2.37%,12.41%,2.99%,2.49%,4.10%,4.36%,5.57%,4.22%,5.57%,2.88%,4.41%,-2.65%,-0.08%,0.21%,1.29%,2.70%,0.12%,0.90%,0.11%,0.02%,,,,0.37%
7/31/1994,2.21%,3.39%,0.96%,6.22%,1.88%,1.10%,3.28%,3.10%,1.64%,3.26%,3.42%,3.11%,3.93%,1.36%,0.23%,0.15%,0.17%,0.66%,1.99%,0.92%,2.53%,1.84%,,,,0.32%
6/30/1994,-0.49%,-2.80%,1.41%,-2.76%,-0.30%,1.15%,-2.45%,-2.74%,-3.40%,-2.68%,-2.96%,-2.40%,-3.38%,2.83%,-1.97%,1.08%,0.77%,-0.57%,-0.22%,0.37%,-0.25%,-0.23%,,,,0.36%
5/31/1994,0.59%,1.68%,-0.57%,3.42%,0.23%,-0.53%,1.64%,1.10%,-1.12%,1.33%,1.52%,1.16%,2.53%,5.36%,2.08%,0.23%,0.42%,0.94%,-0.01%,0.16%,-0.37%,-0.13%,,,,0.33%
4/30/1994,2.72%,1.43%,4.24%,-2.00%,3.07%,4.05%,1.28%,1.14%,0.59%,1.20%,0.46%,1.92%,1.33%,2.11%,1.12%,-1.63%,-1.11%,-2.14%,-0.80%,-0.73%,-0.96%,-0.79%,,,,0.26%
3/31/1994,-4.49%,-4.32%,-4.31%,-9.05%,-4.33%,-4.30%,-4.36%,-4.37%,-5.28%,-4.27%,-4.83%,-3.73%,-4.95%,0.22%,-4.63%,-1.33%,-2.31%,-3.75%,-2.47%,-3.77%,-3.07%,-2.25%,,,,0.27%
2/28/1994,-1.45%,-2.80%,-0.28%,-1.78%,-1.32%,-0.45%,-2.71%,-2.42%,-0.36%,-2.63%,-1.83%,-3.41%,-3.30%,-0.77%,4.09%,-1.33%,-2.27%,-2.18%,-1.74%,-0.24%,-2.36%,-2.12%,,,,0.22%
1/31/1994,6.63%,3.64%,8.45%,1.82%,6.57%,8.31%,3.40%,3.06%,3.14%,3.05%,2.32%,3.76%,6.07%,3.70%,3.00%,1.04%,1.26%,1.92%,1.35%,2.09%,1.94%,1.37%,,,,0.25%
12/31/1993,5.41%,1.22%,7.22%,16.53%,4.87%,7.16%,1.21%,1.96%,3.42%,1.82%,1.72%,1.91%,2.07%,1.46%,-0.12%,2.71%,4.76%,6.05%,0.54%,1.26%,0.59%,0.39%,,,,0.28%
11/30/1993,-5.20%,-0.67%,-8.74%,4.43%,-5.68%,-8.49%,-0.95%,-1.55%,-3.29%,-1.37%,-0.67%,-2.08%,0.55%,-1.07%,-4.36%,0.14%,0.40%,0.18%,-0.85%,0.50%,-1.23%,-1.10%,,,,0.26%
10/31/1993,2.96%,1.76%,3.08%,8.97%,2.73%,3.33%,2.07%,1.43%,2.57%,1.32%,2.78%,-0.08%,3.58%,-1.24%,-2.80%,1.34%,2.26%,1.99%,0.37%,2.06%,0.50%,0.38%,,,,0.23%
9/30/1993,-1.68%,-0.98%,-2.25%,3.66%,-1.87%,-2.34%,-0.77%,-0.01%,2.82%,-0.28%,-0.74%,0.17%,-2.47%,-2.33%,4.53%,0.70%,0.33%,1.71%,0.27%,0.29%,0.24%,0.38%,,,,0.26%
8/31/1993,4.74%,3.62%,5.40%,8.44%,4.56%,5.15%,3.79%,3.89%,4.32%,3.85%,4.11%,3.61%,3.63%,-1.71%,2.08%,1.22%,1.79%,3.41%,1.75%,0.81%,2.49%,2.23%,,,,0.27%
7/31/1993,2.07%,-0.10%,3.50%,2.64%,2.03%,3.38%,-0.40%,-0.17%,1.38%,-0.31%,-1.79%,1.10%,0.73%,1.72%,2.02%,1.13%,2.43%,3.64%,0.57%,0.95%,0.72%,0.61%,,,,0.25%
6/30/1993,-0.65%,0.31%,-1.56%,2.97%,-0.86%,-1.53%,0.29%,0.66%,0.62%,0.66%,-0.91%,2.22%,-0.15%,-0.32%,0.00%,1.75%,2.75%,4.25%,1.81%,0.00%,2.43%,2.22%,,,,0.29%
5/31/1993,2.35%,2.56%,2.11%,2.79%,2.28%,2.15%,2.68%,2.87%,4.42%,2.75%,3.50%,2.01%,3.42%,-1.79%,0.00%,1.40%,2.07%,3.02%,0.13%,0.00%,0.12%,-0.11%,,,,0.21%
4/30/1993,4.54%,-2.20%,9.49%,2.30%,4.61%,9.27%,-2.42%,-2.65%,-2.74%,-2.64%,-4.01%,-1.28%,-0.17%,0.92%,-5.67%,1.45%,2.30%,2.02%,0.70%,0.80%,0.77%,0.77%,,,,0.24%
3/31/1993,5.75%,2.06%,8.72%,3.31%,5.77%,8.49%,2.11%,2.49%,3.24%,2.43%,1.93%,2.95%,2.09%,2.37%,6.72%,1.67%,1.51%,2.62%,0.42%,1.26%,0.35%,0.33%,,,,0.27%
2/28/1993,2.35%,1.32%,3.02%,1.68%,2.34%,3.14%,1.36%,0.65%,-2.31%,0.90%,-1.60%,3.49%,2.32%,1.23%,4.83%,0.82%,2.20%,1.67%,1.75%,1.76%,2.30%,2.00%,,,,0.22%
1/31/1993,0.35%,0.88%,-0.01%,0.48%,0.30%,-0.07%,0.84%,0.98%,3.38%,0.79%,-1.15%,2.90%,0.34%,-0.19%,6.95%,0.93%,0.87%,1.67%,1.92%,2.49%,2.33%,2.13%,,,,0.26%
12/31/1992,0.95%,1.11%,0.52%,2.94%,0.78%,0.59%,1.23%,1.79%,3.48%,1.65%,1.00%,2.40%,0.04%,-0.05%,,0.71%,1.81%,3.58%,1.59%,,1.85%,1.68%,,,,0.30%
11/30/1992,1.66%,3.33%,0.94%,-1.08%,1.76%,0.69%,3.41%,4.11%,7.65%,3.84%,4.34%,3.28%,2.98%,-0.84%,,0.31%,0.30%,1.58%,0.02%,,0.16%,-0.17%,,,,0.22%
10/31/1992,-2.45%,0.61%,-5.25%,5.35%,-2.74%,-4.95%,0.35%,1.00%,3.18%,0.83%,1.51%,0.09%,-1.28%,-2.95%,,1.55%,1.70%,2.56%,-1.33%,,-1.78%,-1.44%,,,,0.23%
9/30/1992,-0.85%,1.09%,-1.97%,0.34%,-0.95%,-2.23%,1.18%,1.33%,2.31%,1.26%,1.14%,1.38%,0.60%,1.48%,,1.36%,2.49%,6.95%,1.19%,,1.21%,1.41%,,,,0.30%
8/31/1992,2.24%,-2.39%,6.27%,-4.66%,2.40%,5.85%,-2.05%,-2.16%,-2.82%,-2.11%,-1.22%,-3.07%,-3.52%,-1.07%,,0.26%,0.47%,0.28%,1.01%,,0.78%,0.93%,,,,0.27%
7/31/1992,0.32%,4.17%,-2.56%,1.09%,0.22%,-2.35%,4.09%,4.04%,3.48%,4.08%,4.47%,3.64%,2.37%,-0.35%,,0.32%,0.82%,-0.54%,2.04%,,2.67%,2.52%,,,,0.33%
6/30/1992,-3.57%,-1.52%,-4.74%,-9.92%,-3.38%,-4.53%,-1.49%,-1.79%,-4.73%,-1.60%,-2.52%,-0.61%,-2.17%,0.41%,,0.48%,0.44%,1.52%,1.38%,,1.56%,1.43%,,,,
5/31/1992,3.83%,0.41%,6.69%,-0.36%,3.95%,6.42%,0.49%,0.67%,1.33%,0.62%,0.72%,0.49%,1.56%,3.41%,,-0.17%,0.28%,-0.58%,1.89%,,2.23%,1.85%,,,,
4/30/1992,1.34%,2.93%,0.47%,-0.69%,1.36%,0.37%,2.94%,2.03%,-3.50%,2.42%,0.73%,4.32%,3.96%,0.82%,,0.49%,0.12%,1.43%,0.72%,,0.50%,0.63%,,,,
3/31/1992,-4.45%,-1.84%,-6.60%,3.38%,-4.74%,-6.54%,-1.94%,-2.22%,-3.38%,-2.13%,-2.74%,-1.46%,-0.81%,0.92%,,0.40%,0.80%,1.98%,-0.56%,,-0.43%,-0.58%,,,,
2/29/1992,-1.51%,1.15%,-3.58%,4.44%,-1.76%,-3.48%,1.30%,1.33%,2.92%,1.22%,0.17%,2.45%,1.81%,0.01%,,1.24%,1.16%,2.16%,0.65%,,0.96%,0.39%,,,,
1/31/1992,-1.49%,-1.66%,-2.13%,11.58%,-1.88%,-1.97%,-1.86%,-0.68%,8.10%,-1.24%,-2.41%,0.17%,1.83%,1.99%,,0.10%,1.32%,1.95%,-1.36%,,-1.25%,-1.56%,,,,
12/31/1991,7.43%,11.43%,5.17%,11.24%,7.25%,4.90%,11.44%,11.22%,8.01%,11.43%,14.13%,8.38%,9.66%,-4.18%,,3.16%,4.50%,5.49%,2.97%,,3.27%,3.41%,,,,
11/30/1991,-4.30%,-4.04%,-4.67%,-1.49%,-4.39%,-4.54%,-4.03%,-3.83%,-4.63%,-3.78%,-2.56%,-5.13%,-5.20%,-2.53%,,0.55%,0.05%,1.09%,0.92%,,0.98%,1.00%,,,,
10/31/1991,1.74%,1.73%,1.42%,4.08%,1.59%,1.56%,1.34%,1.67%,2.64%,1.60%,1.58%,1.66%,1.83%,0.91%,,0.80%,0.61%,1.25%,1.11%,,0.95%,0.88%,,,,
9/30/1991,2.55%,-1.69%,5.64%,-3.83%,2.59%,5.27%,-1.67%,-1.14%,0.78%,-1.26%,-1.74%,-0.75%,-0.74%,1.31%,,1.41%,1.76%,5.94%,2.03%,,2.06%,2.10%,,,,
8/31/1991,-0.20%,2.43%,-2.03%,2.11%,-0.35%,-1.94%,2.37%,2.68%,3.70%,2.62%,3.35%,1.81%,1.17%,0.16%,,0.34%,1.31%,0.23%,2.16%,,2.26%,2.32%,,,,
7/31/1991,4.76%,4.69%,4.91%,5.18%,4.69%,4.74%,4.66%,4.72%,3.51%,4.80%,5.37%,4.18%,4.16%,4.29%,,1.22%,0.51%,1.56%,1.39%,,1.44%,1.19%,,,,
6/30/1991,-6.10%,-4.58%,-7.35%,-3.57%,-6.20%,-7.10%,-4.58%,-4.56%,-5.83%,-4.48%,-4.76%,-4.21%,-3.86%,-2.47%,,-0.60%,1.18%,2.52%,-0.05%,,-0.02%,-0.14%,,,,
5/31/1991,2.39%,4.16%,1.05%,7.85%,2.24%,1.20%,4.31%,4.14%,4.77%,4.11%,4.47%,3.72%,5.35%,-1.09%,,0.65%,0.77%,1.68%,0.58%,,0.69%,0.39%,,,,
4/30/1991,0.84%,0.40%,0.98%,1.05%,0.75%,0.99%,0.24%,0.10%,-0.25%,0.12%,-0.46%,0.73%,-0.69%,0.45%,,-0.93%,-0.83%,-2.17%,1.08%,,1.30%,1.10%,,,,
3/31/1991,-2.79%,2.44%,-6.00%,4.11%,-2.98%,-5.78%,2.42%,2.96%,7.04%,2.72%,3.94%,1.48%,1.21%,0.70%,,2.44%,3.52%,3.12%,0.69%,,1.23%,0.51%,,,,
2/28/1991,9.40%,6.92%,10.72%,14.79%,9.22%,10.52%,7.15%,7.49%,11.15%,7.29%,7.96%,6.65%,5.96%,2.06%,,1.12%,-0.03%,-0.83%,0.85%,,1.71%,0.57%,,,,
1/31/1991,3.70%,4.78%,3.23%,8.08%,3.62%,3.05%,4.36%,5.03%,9.04%,4.83%,5.16%,4.51%,4.08%,-7.59%,,1.09%,0.39%,1.89%,1.24%,,1.27%,1.07%,,,,
12/31/1990,2.16%,2.79%,1.63%,4.23%,2.06%,1.72%,2.79%,3.08%,3.97%,3.03%,3.54%,2.54%,3.05%,,,0.75%,0.09%,1.28%,1.56%,,1.41%,1.55%,,,,
11/30/1990,-1.68%,6.58%,-5.90%,-5.22%,-1.68%,-5.56%,6.46%,6.87%,7.62%,6.83%,6.74%,6.93%,5.62%,,,0.16%,0.00%,1.61%,2.15%,,2.06%,2.22%,,,,
10/31/1990,9.20%,-0.30%,15.58%,-1.86%,9.30%,14.63%,-0.43%,-0.78%,-6.10%,-0.49%,0.40%,-1.37%,-0.29%,,,1.69%,1.64%,4.87%,1.27%,,0.45%,1.63%,,,,
9/30/1990,-10.45%,-4.63%,-13.94%,-12.77%,-10.58%,-13.50%,-4.87%,-5.32%,-8.85%,-5.11%,-5.39%,-4.84%,-6.09%,,,2.02%,2.84%,2.62%,0.83%,,0.46%,0.96%,,,,
8/31/1990,-9.40%,-9.14%,-9.71%,-12.76%,-9.39%,-9.47%,-9.04%,-9.41%,-13.32%,-9.18%,-9.59%,-8.79%,-9.43%,,,0.74%,1.63%,-0.45%,-1.34%,,-1.59%,-1.39%,,,,
7/31/1990,1.02%,-0.15%,1.41%,8.82%,0.88%,1.45%,-0.32%,-1.09%,-4.40%,-0.89%,-0.91%,-0.87%,1.01%,,,1.10%,3.07%,3.81%,1.38%,,1.13%,1.28%,,,,
6/30/1990,-0.67%,-0.36%,-0.88%,3.46%,-0.74%,-0.89%,-0.67%,-0.50%,0.20%,-0.55%,1.08%,-2.27%,0.22%,,,1.90%,2.21%,4.06%,1.60%,,1.71%,1.58%,,,,
5/31/1990,10.45%,9.25%,11.41%,8.21%,10.50%,11.19%,9.75%,9.20%,7.08%,9.36%,10.39%,8.30%,8.98%,,,1.26%,0.47%,1.02%,2.96%,,3.23%,2.79%,,,,
4/30/1990,-1.25%,-2.03%,-0.79%,7.21%,-1.47%,-1.13%,-2.49%,-2.64%,-3.27%,-2.60%,-1.30%,-3.90%,-1.69%,,,0.61%,0.89%,0.32%,-0.92%,,-1.04%,-0.88%,,,,
3/31/1990,-6.17%,2.37%,-10.42%,-13.53%,-6.07%,-9.96%,2.65%,2.58%,3.89%,2.49%,3.98%,1.02%,3.15%,,,1.74%,2.07%,7.02%,0.07%,,0.09%,-0.02%,,,,
2/28/1990,-4.20%,1.49%,-6.98%,3.92%,-4.32%,-6.78%,1.29%,1.68%,3.10%,1.57%,0.71%,2.52%,2.12%,,,0.35%,1.34%,4.51%,0.32%,,0.29%,0.20%,,,,
1/31/1990,-4.59%,-6.48%,-3.72%,3.29%,-4.69%,-3.86%,-6.71%,-7.24%,-8.74%,-7.14%,-8.04%,-6.23%,-5.73%,,,1.02%,0.07%,-1.45%,-1.19%,,-1.25%,-1.42%,,,,
12/31/1989,3.29%,2.26%,3.69%,12.21%,3.19%,3.65%,2.40%,1.90%,0.38%,2.01%,1.87%,2.21%,1.85%,,,,,,0.27%,,0.11%,0.17%,,,,
11/30/1989,3.94%,2.07%,5.03%,-4.66%,3.97%,4.89%,2.04%,1.80%,0.67%,1.89%,2.61%,1.15%,2.91%,,,,,,0.95%,,0.69%,0.97%,,,,
10/31/1989,-3.22%,-2.26%,-4.02%,1.40%,-3.36%,-3.83%,-2.32%,-2.91%,-5.92%,-2.67%,-1.76%,-3.57%,-1.57%,,,,,,2.46%,,2.30%,2.59%,,,,
9/30/1989,3.03%,-0.21%,4.55%,12.60%,2.80%,4.31%,-0.41%,-0.21%,0.32%,-0.25%,0.46%,-0.95%,-1.49%,,,,,,0.51%,,0.46%,0.43%,,,,
8/31/1989,-2.35%,1.51%,-4.50%,2.32%,-2.44%,-4.25%,1.95%,2.09%,2.44%,2.07%,1.65%,2.47%,3.44%,,,,,,-1.48%,,-1.08%,-1.68%,,,,
7/31/1989,11.30%,9.17%,12.56%,6.58%,11.27%,12.32%,9.03%,8.04%,3.86%,8.39%,10.11%,6.75%,9.21%,,,,,,2.13%,,1.94%,2.11%,,,,
6/30/1989,-1.39%,-0.37%,-1.68%,-12.13%,-1.15%,-1.49%,-0.57%,-0.65%,-2.29%,-0.51%,-0.68%,-0.38%,-1.48%,,,,,,3.04%,,2.96%,3.34%,,,,
5/31/1989,-2.36%,3.86%,-5.44%,1.35%,-2.48%,-5.23%,4.05%,4.27%,4.31%,4.26%,4.54%,3.99%,3.22%,,,,,,2.63%,,2.73%,2.36%,,,,
4/30/1989,2.52%,5.43%,0.93%,18.98%,2.28%,0.97%,5.19%,5.01%,4.36%,5.06%,6.02%,4.10%,5.55%,,,,,,2.09%,,2.03%,2.14%,,,,
3/31/1989,-0.55%,2.25%,-1.96%,9.96%,-0.67%,-1.83%,2.33%,2.27%,2.36%,2.27%,2.35%,2.20%,1.73%,,,,,,0.43%,,0.29%,0.61%,,,,
2/28/1989,-0.59%,-3.00%,0.51%,7.65%,-0.65%,0.39%,-2.49%,-1.76%,0.73%,-1.97%,-2.33%,-1.58%,-3.02%,,,,,,-0.72%,,-0.56%,-0.81%,,,,
1/31/1989,3.62%,7.61%,1.76%,-1.26%,3.59%,1.99%,7.32%,6.73%,4.47%,6.93%,6.99%,6.86%,8.28%,,,,,,1.44%,,1.48%,1.27%,,,,
12/31/1988,0.92%,1.64%,0.56%,2.66%,0.88%,0.61%,1.74%,2.14%,3.93%,1.99%,2.83%,1.21%,2.70%,,,,,,0.11%,,0.27%,0.38%,,,,
11/30/1988,3.37%,-1.54%,5.96%,-0.43%,3.45%,5.73%,-1.43%,-1.68%,-3.31%,-1.53%,-1.89%,-1.21%,-0.93%,,,,,,-1.21%,,-0.96%,-1.18%,,,,
10/31/1988,6.57%,3.07%,8.56%,-0.65%,6.63%,8.35%,2.78%,1.84%,-1.11%,2.11%,1.95%,2.27%,1.87%,,,,,,1.88%,,1.75%,1.76%,,,,
9/30/1988,4.32%,4.27%,4.37%,6.48%,4.21%,4.24%,4.26%,4.02%,2.65%,4.14%,5.08%,3.26%,4.15%,,,,,,2.26%,,2.16%,2.18%,,,,
8/31/1988,-5.47%,-3.35%,-6.50%,-2.68%,-5.52%,-6.45%,-3.39%,-2.77%,-2.55%,-2.79%,-3.66%,-1.97%,-3.86%,,,,,,0.26%,,0.42%,0.20%,,,,
7/31/1988,1.87%,-0.31%,3.14%,-2.54%,1.85%,2.92%,-0.38%,-0.80%,-0.95%,-0.78%,-1.64%,0.03%,-0.52%,,,,,,-0.52%,,-0.23%,-0.68%,,,,
6/30/1988,-0.08%,4.65%,-2.64%,3.40%,-0.17%,-2.26%,4.59%,5.28%,7.13%,5.13%,5.59%,4.72%,5.60%,,,,,,2.41%,,2.39%,2.21%,,,,
5/31/1988,-1.95%,0.86%,-3.20%,3.00%,-2.02%,-3.22%,0.86%,0.33%,-2.69%,0.60%,-0.36%,1.46%,0.58%,,,,,,-0.67%,,-0.54%,-0.71%,,,,
4/30/1988,1.30%,0.92%,1.45%,5.34%,1.23%,1.41%,1.11%,0.94%,2.27%,0.82%,0.16%,1.45%,2.36%,,,,,,-0.54%,,-0.71%,-0.53%,,,,
3/31/1988,3.11%,-3.35%,6.15%,10.74%,2.99%,6.10%,-3.09%,-2.04%,4.68%,-2.63%,-3.36%,-1.94%,-3.92%,,,,,,-0.94%,,-0.86%,-1.03%,,,,
2/29/1988,5.81%,4.19%,6.67%,0.34%,5.77%,6.62%,4.66%,5.23%,9.01%,4.92%,5.45%,4.43%,6.51%,,,,,,1.19%,,1.37%,1.07%,,,,
1/31/1988,2.53%,4.28%,1.79%,9.84%,2.41%,1.55%,4.21%,4.47%,4.36%,4.49%,1.17%,7.77%,1.09%,,,,,,3.52%,,3.92%,3.27%,,,,
12/31/1987,,7.04%,2.97%,,4.30%,3.04%,7.61%,7.37%,8.05%,7.31%,9.15%,5.60%,5.92%,,,,,,1.36%,,1.89%,1.19%,,,,
11/30/1987,,-8.45%,0.98%,,-2.46%,0.75%,-8.24%,-7.54%,-5.35%,-7.72%,-8.63%,-6.83%,-7.44%,,,,,,0.80%,,1.07%,0.49%,,,,
10/31/1987,,-21.22%,-14.01%,,-17.00%,-14.52%,-21.54%,-22.42%,-30.63%,-21.69%,-23.23%,-20.16%,-23.15%,,,,,,3.56%,,3.34%,3.89%,,,,
9/30/1987,,-2.13%,-1.57%,,-1.76%,-1.51%,-2.19%,-2.17%,-1.82%,-2.20%,-2.60%,-1.83%,,,,,,,-2.13%,,-2.82%,-1.94%,,,,
8/31/1987,,3.94%,7.50%,,5.89%,7.11%,3.73%,4.04%,2.96%,4.14%,4.61%,3.68%,,,,,,,-0.54%,,-0.56%,-0.56%,,,,
7/31/1987,,4.75%,-0.18%,,1.98%,0.40%,5.07%,4.27%,3.12%,4.38%,4.77%,3.98%,,,,,,,-0.08%,,-0.27%,-0.21%,,,,
6/30/1987,,5.18%,-3.19%,,-0.08%,-2.88%,5.05%,4.55%,2.57%,4.74%,4.73%,4.76%,,,,,,,1.38%,,1.45%,1.17%,,,,
5/31/1987,,0.56%,0.00%,,0.12%,-0.08%,0.87%,0.62%,-0.32%,0.71%,1.08%,0.33%,,,,,,,-0.39%,,-0.46%,-0.43%,,,,
4/30/1987,,-0.90%,10.58%,,5.84%,9.95%,-0.89%,-1.68%,-2.89%,-1.56%,-1.92%,-1.20%,,,,,,,-2.74%,,-3.29%,-2.46%,,,,
3/31/1987,,2.70%,8.20%,,6.17%,8.43%,2.89%,2.06%,2.69%,1.99%,1.61%,2.43%,,,,,,,-0.45%,,-0.40%,-0.59%,,,,
2/28/1987,,3.59%,3.00%,,3.27%,3.12%,3.95%,4.71%,8.41%,4.37%,6.80%,1.89%,,,,,,,0.69%,,0.60%,0.68%,,,,
1/31/1987,,13.28%,10.62%,,11.72%,10.80%,13.47%,12.81%,11.57%,12.94%,14.34%,11.54%,,,,,,,1.41%,,2.18%,1.09%,,,,
12/31/1986,,-2.52%,5.30%,,1.97%,5.09%,-2.55%,-2.72%,-2.89%,-2.70%,-2.41%,-2.99%,,,,,,,0.38%,,0.90%,0.18%,,,,
11/30/1986,,2.35%,5.76%,,4.20%,5.58%,2.43%,1.62%,-0.34%,1.80%,1.82%,1.79%,,,,,,,1.40%,,1.44%,1.15%,,,,
10/31/1986,,5.68%,-6.68%,,-1.74%,-6.33%,5.77%,5.29%,3.97%,5.42%,5.75%,5.10%,,,,,,,1.45%,,1.68%,1.38%,,,,
9/30/1986,,-8.50%,-1.03%,,-4.00%,-0.89%,-8.27%,-8.12%,-6.17%,-8.31%,-9.90%,-6.83%,,,,,,,-0.99%,,-0.29%,-1.56%,,,,
8/31/1986,,7.39%,9.86%,,8.71%,9.69%,7.42%,6.81%,3.18%,7.17%,4.61%,9.67%,,,,,,,2.49%,,2.05%,2.83%,,,,
7/31/1986,,-5.33%,6.16%,,0.78%,5.60%,-5.59%,-5.93%,-9.35%,-5.58%,-6.86%,-4.30%,,,,,,,0.89%,,0.45%,0.72%,,,,
6/30/1986,,1.31%,6.82%,,3.99%,6.27%,1.69%,1.51%,-0.12%,1.68%,2.16%,1.15%,,,,,,,2.62%,,1.88%,3.25%,,,,
5/31/1986,,4.93%,-4.45%,,-0.31%,-4.21%,5.32%,5.21%,3.45%,5.40%,5.77%,5.00%,,,,,,,-1.91%,,-1.10%,-2.29%,,,,
4/30/1986,,-1.39%,6.55%,,2.72%,6.16%,-1.13%,-0.83%,1.48%,-1.07%,0.13%,-2.29%,,,,,,,0.53%,,0.54%,0.43%,,,,
3/31/1986,,5.59%,14.06%,,9.75%,13.52%,5.58%,5.35%,4.85%,5.40%,6.22%,4.62%,,,,,,,3.11%,,2.43%,3.91%,,,,
2/28/1986,,7.58%,11.08%,,8.99%,10.36%,7.47%,7.66%,7.18%,7.71%,7.95%,7.44%,,,,,,,3.94%,,4.78%,4.01%,,,,
1/31/1986,,0.63%,2.51%,,1.45%,2.32%,0.56%,1.13%,1.58%,1.08%,0.81%,1.34%,,,,,,,0.56%,,0.74%,0.54%,,,,
12/31/1985,,5.16%,4.74%,,4.66%,4.27%,4.84%,4.38%,4.40%,4.38%,5.18%,3.58%,,,,,,,3.06%,,3.29%,3.03%,,,,
11/30/1985,,6.96%,4.11%,,5.56%,4.37%,6.86%,7.07%,7.20%,7.06%,8.62%,5.53%,,,,,,,2.40%,,2.58%,2.19%,,,,
10/31/1985,,4.55%,6.80%,,5.36%,5.81%,4.62%,4.64%,3.80%,4.73%,4.32%,5.14%,,,,,,,2.10%,,2.44%,1.88%,,,,
9/30/1985,,-3.15%,5.85%,,0.72%,4.84%,-3.13%,-3.86%,-6.05%,-3.62%,-3.53%,-3.72%,,,,,,,0.60%,,0.06%,0.65%,,,,
8/31/1985,,-0.89%,3.21%,,0.79%,2.74%,-0.85%,-0.39%,-0.96%,-0.33%,-0.92%,0.24%,,,,,,,1.88%,,2.38%,1.63%,,,,
7/31/1985,,-0.29%,5.16%,,2.04%,4.81%,-0.15%,-0.27%,2.80%,-0.60%,-0.42%,-0.75%,,,,,,,-0.35%,,-0.41%,-0.29%,,,,
6/30/1985,,1.48%,2.57%,,1.76%,2.21%,1.57%,1.83%,1.13%,1.90%,1.90%,1.90%,,,,,,,1.06%,,0.79%,1.03%,,,,
5/31/1985,,6.21%,4.25%,,5.11%,3.99%,5.78%,5.77%,3.68%,6.00%,6.04%,5.97%,,,,,,,5.23%,,6.36%,4.61%,,,,
4/30/1985,,-0.21%,-0.34%,,-0.30%,-0.28%,-0.09%,-0.24%,-1.24%,-0.12%,-1.51%,1.14%,,,,,,,2.07%,,2.23%,1.99%,,,,
3/31/1985,,0.28%,7.76%,,3.45%,7.47%,0.07%,-0.24%,-2.05%,-0.04%,-0.72%,0.59%,,,,,,,2.04%,,1.94%,1.90%,,,,
2/28/1985,,1.20%,-0.59%,,0.17%,-0.95%,1.22%,1.73%,2.69%,1.62%,1.50%,1.74%,,,,,,,-2.05%,,-2.54%,-1.71%,,,,
1/31/1985,,8.05%,2.25%,,5.49%,2.81%,7.79%,8.51%,13.25%,8.00%,9.21%,6.89%,,,,,,,2.28%,,2.90%,1.96%,,,,
12/31/1984,,2.54%,2.01%,,2.06%,1.50%,2.63%,2.49%,1.63%,2.58%,2.55%,2.61%,,,,,,,1.46%,,1.29%,1.46%,,,,
11/30/1984,,-0.96%,0.38%,,-0.39%,-1.41%,-1.12%,-1.10%,-2.66%,-0.92%,-2.02%,0.10%,,,,,,,1.79%,,1.72%,1.73%,,,,
10/31/1984,,0.53%,2.50%,,1.05%,1.82%,0.39%,0.06%,-1.84%,0.29%,0.71%,-0.09%,,,,,,,4.24%,,5.11%,3.82%,,,,
9/30/1984,,0.17%,-0.88%,,-0.40%,-1.02%,0.02%,-0.01%,-0.77%,0.08%,-1.65%,1.67%,,,,,,,2.38%,,2.99%,2.03%,,,,
8/31/1984,,10.89%,8.47%,,10.02%,9.20%,11.04%,11.49%,11.77%,11.45%,11.40%,11.61%,,,,,,,1.68%,,2.24%,1.49%,,,,
7/31/1984,,-0.75%,-6.41%,,-3.53%,-6.54%,-1.24%,-1.93%,-4.88%,-1.57%,-1.69%,-1.49%,,,,,,,4.50%,,5.48%,3.78%,,,,
6/30/1984,,2.15%,-0.12%,,0.85%,-0.46%,2.17%,2.53%,2.86%,2.49%,3.84%,1.23%,,,,,,,1.28%,,1.35%,1.05%,,,,
5/31/1984,,-5.58%,-10.16%,,-7.51%,-9.43%,-5.54%,-5.28%,-5.18%,-5.30%,-5.37%,-5.22%,,,,,,,-3.12%,,-3.74%,-2.25%,,,,
4/30/1984,,1.06%,-1.67%,,-0.38%,-1.74%,0.95%,0.38%,-0.55%,0.49%,0.57%,0.42%,,,,,,,-0.20%,,-0.87%,0.05%,,,,
3/31/1984,,1.87%,9.38%,,4.69%,7.90%,1.73%,1.41%,0.59%,1.50%,1.85%,1.20%,,,,,,,-1.12%,,-1.33%,-0.71%,,,,
2/29/1984,,-4.13%,0.88%,,-1.67%,1.33%,-3.52%,-4.09%,-5.68%,-3.89%,-4.78%,-3.17%,,,,,,,-0.51%,,-1.16%,-0.36%,,,,
1/31/1984,,-1.09%,4.44%,,0.81%,3.27%,-0.56%,-1.64%,-1.67%,-1.63%,-5.18%,1.66%,,,,,,,2.06%,,2.80%,1.68%,,,,
12/31/1983,,-0.53%,4.12%,,1.26%,3.68%,-0.52%,-1.02%,-1.89%,-0.91%,-1.22%,-0.70%,,,,,,,0.19%,,-0.31%,0.26%,,,,
11/30/1983,,2.17%,2.34%,,2.57%,3.24%,2.11%,2.89%,5.25%,2.61%,2.32%,2.88%,,,,,,,1.14%,,1.20%,1.09%,,,,
10/31/1983,,-1.11%,-0.12%,,-1.19%,-1.16%,-1.16%,-2.72%,-6.91%,-2.18%,-3.74%,-0.55%,,,,,,,0.36%,,-0.04%,0.34%,,,,
9/30/1983,,1.32%,3.84%,,2.01%,3.08%,1.38%,1.66%,1.78%,1.64%,1.85%,1.53%,,,,,,,3.30%,,3.62%,2.83%,,,,
8/31/1983,,2.06%,-1.64%,,0.52%,-1.34%,1.50%,0.53%,-3.78%,1.09%,-0.60%,2.68%,,,,,,,0.70%,,0.53%,0.58%,,,,
7/31/1983,,-3.22%,0.19%,,-1.80%,0.27%,-2.95%,-3.08%,-2.90%,-3.10%,-4.68%,-1.60%,,,,,,,-2.36%,,-3.19%,-1.56%,,,,
6/30/1983,,3.89%,2.24%,,3.12%,2.25%,3.89%,4.03%,4.60%,3.97%,5.77%,2.19%,,,,,,,0.11%,,0.02%,0.27%,,,,
5/31/1983,,-1.53%,-0.53%,,-1.00%,-0.13%,-0.87%,1.15%,7.20%,0.47%,0.22%,0.71%,,,,,,,-1.31%,,-2.01%,-0.97%,,,,
4/30/1983,,7.87%,5.66%,,7.12%,6.27%,7.88%,7.26%,7.29%,7.25%,6.46%,8.03%,,,,,,,2.79%,,4.09%,2.17%,,,,
3/31/1983,,3.48%,3.84%,,3.50%,3.69%,3.69%,3.43%,2.74%,3.52%,2.98%,4.05%,,,,,,,0.26%,,1.29%,-0.13%,,,,
2/28/1983,,2.14%,2.72%,,2.08%,2.17%,2.29%,3.14%,6.23%,2.79%,3.66%,1.96%,,,,,,,2.87%,,3.47%,2.33%,,,,
1/31/1983,,4.01%,-0.91%,,2.12%,-0.15%,3.72%,3.86%,7.61%,3.46%,2.54%,4.37%,,,,,,,0.17%,,0.50%,0.04%,,,,
12/31/1982,,1.81%,7.91%,,4.47%,8.31%,1.93%,1.50%,1.35%,1.52%,1.20%,1.84%,,,,,,,2.01%,,1.83%,1.91%,,,,
11/30/1982,,3.89%,7.95%,,5.28%,7.46%,4.04%,5.17%,9.10%,4.75%,6.89%,2.67%,,,,,,,0.98%,,1.59%,0.86%,,,,
10/31/1982,,11.15%,0.35%,,6.85%,1.44%,11.51%,11.86%,14.37%,11.60%,12.13%,11.09%,,,,,,,5.30%,,6.68%,4.51%,,,,
9/30/1982,,1.33%,-0.71%,,0.44%,-0.50%,1.25%,1.70%,3.89%,1.48%,2.24%,0.71%,,,,,,,4.05%,,5.09%,3.35%,,,,
8/31/1982,,12.31%,-0.02%,,7.23%,1.49%,12.14%,11.97%,7.99%,12.40%,11.10%,13.67%,,,,,,,5.46%,,7.11%,4.31%,,,,
7/31/1982,,-1.78%,-1.23%,,-1.31%,-0.55%,-1.78%,-2.03%,-1.47%,-2.09%,-1.27%,-2.89%,,,,,,,4.30%,,4.55%,4.01%,,,,
6/30/1982,,-1.25%,-7.56%,,-4.54%,-8.01%,-1.50%,-2.43%,-3.70%,-2.29%,-2.16%,-2.43%,,,,,,,-1.57%,,-2.40%,-1.17%,,,,
5/31/1982,,-3.31%,-1.38%,,-2.54%,-1.48%,-3.41%,-2.72%,-2.83%,-2.70%,-3.64%,-1.69%,,,,,,,1.62%,,1.93%,1.45%,,,,
4/30/1982,,4.39%,6.40%,,4.89%,5.64%,4.52%,4.23%,5.33%,4.11%,5.21%,2.98%,,,,,,,2.80%,,3.56%,2.37%,,,,
3/31/1982,,-0.54%,-4.92%,,-2.75%,-5.00%,-0.52%,-0.91%,-1.13%,-0.89%,-2.09%,0.25%,,,,,,,1.27%,,1.57%,1.12%,,,,
2/28/1982,,-5.16%,-6.44%,,-6.07%,-6.88%,-5.59%,-5.09%,-4.96%,-5.10%,-6.42%,-3.79%,,,,,,,1.95%,,2.29%,1.54%,,,,
1/31/1982,,-1.13%,-0.76%,,-1.49%,-1.71%,-1.31%,-2.59%,-3.50%,-2.49%,-2.57%,-2.42%,,,,,,,0.63%,,0.14%,0.64%,,,,
12/31/1981,,-2.64%,-1.02%,,-2.14%,-1.46%,-2.56%,-2.78%,-1.60%,-2.91%,-3.14%,-2.68%,,,,,,,-3.74%,,-4.73%,-2.51%,,,,
11/30/1981,,4.38%,11.01%,,7.42%,10.98%,4.13%,4.57%,3.21%,4.72%,4.23%,5.22%,,,,,,,8.52%,,10.69%,6.82%,,,,
10/31/1981,,4.97%,1.55%,,3.05%,1.11%,5.40%,6.03%,8.47%,5.77%,7.89%,3.63%,,,,,,,5.85%,,5.89%,5.26%,,,,
9/30/1981,,-4.70%,-10.03%,,-7.53%,-10.30%,-4.93%,-6.30%,-8.38%,-6.08%,-7.09%,-5.11%,,,,,,,-0.07%,,-1.74%,0.81%,,,,
8/31/1981,,-5.70%,2.26%,,-1.98%,2.27%,-5.77%,-5.72%,-7.74%,-5.50%,-6.44%,-4.49%,,,,,,,-2.11%,,-2.59%,-1.25%,,,,
7/31/1981,,0.74%,-4.14%,,-1.70%,-4.11%,0.21%,-0.22%,-2.44%,0.04%,0.90%,-0.84%,,,,,,,-1.93%,,-2.31%,-1.53%,,,,
6/30/1981,,-0.20%,0.62%,,-0.19%,-0.03%,-0.63%,-1.05%,-2.27%,-0.90%,-2.42%,0.59%,,,,,,,-0.23%,,-0.11%,0.28%,,,,
5/31/1981,,-0.28%,-4.31%,,-1.97%,-3.48%,0.26%,1.13%,3.33%,0.88%,1.04%,0.75%,,,,,,,3.59%,,4.36%,2.60%,,,,
4/30/1981,,-1.85%,2.61%,,0.03%,2.07%,-1.93%,-1.30%,2.71%,-1.73%,-3.27%,-0.23%,,,,,,,-3.57%,,-5.17%,-2.24%,,,,
3/31/1981,,3.34%,3.51%,,3.54%,3.89%,4.00%,4.43%,8.03%,4.05%,3.58%,4.48%,,,,,,,2.38%,,2.32%,2.43%,,,,
2/28/1981,,2.12%,-1.43%,,0.28%,-1.41%,1.74%,1.62%,0.61%,1.74%,1.51%,1.92%,,,,,,,-1.90%,,-2.35%,-1.25%,,,,
1/31/1981,,-3.71%,-1.48%,,-2.92%,-2.01%,-4.18%,-4.04%,-0.38%,-4.43%,-7.43%,-1.40%,,,,,,,0.05%,,-0.17%,0.05%,,,,
12/31/1980,,-3.48%,0.40%,,-2.20%,-0.75%,-3.02%,-3.64%,-3.43%,-3.66%,-4.76%,-2.50%,,,,,,,2.73%,,2.80%,2.80%,,,,
11/30/1980,,10.43%,-2.13%,,4.17%,-1.54%,10.65%,10.37%,7.29%,10.71%,13.07%,8.29%,,,,,,,-0.19%,,-0.48%,-0.09%,,,,
10/31/1980,,2.53%,4.09%,,2.90%,3.37%,2.02%,2.25%,4.07%,2.05%,3.39%,0.73%,,,,,,,-1.15%,,-1.02%,-1.00%,,,,
9/30/1980,,2.52%,3.36%,,2.99%,3.56%,2.94%,2.95%,3.16%,2.94%,4.59%,1.21%,,,,,,,-1.05%,,-1.89%,-0.73%,,,,
8/31/1980,,0.69%,3.34%,,1.94%,3.28%,1.01%,2.25%,6.90%,1.77%,2.06%,1.50%,,,,,,,-3.58%,,-4.07%,-3.14%,,,,
7/31/1980,,6.64%,-0.62%,,3.06%,-0.07%,6.96%,7.03%,11.22%,6.62%,8.31%,4.93%,,,,,,,-2.07%,,-2.68%,-1.10%,,,,
6/30/1980,,3.25%,6.25%,,4.78%,6.35%,3.16%,3.59%,4.39%,3.50%,4.52%,2.53%,,,,,,,1.89%,,2.49%,1.44%,,,,
5/31/1980,,4.82%,4.53%,,4.91%,5.14%,5.15%,6.10%,8.34%,5.89%,4.93%,6.82%,,,,,,,4.72%,,5.78%,4.06%,,,,
4/30/1980,,4.35%,9.31%,,6.53%,8.85%,4.62%,5.01%,6.28%,4.90%,4.35%,5.43%,,,,,,,11.34%,,12.89%,9.58%,,,,
3/31/1980,,-8.84%,-10.74%,,-10.77%,-12.49%,-9.72%,-11.92%,-18.11%,-11.28%,-12.11%,-10.45%,,,,,,,0.08%,,-0.81%,0.77%,,,,
2/29/1980,,-1.00%,-0.53%,,0.04%,1.16%,-0.01%,0.01%,-1.80%,0.19%,0.37%,0.03%,,,,,,,-5.92%,,-6.94%,-5.13%,,,,
1/31/1980,,6.04%,4.72%,,6.01%,6.12%,6.22%,6.35%,8.43%,6.14%,7.39%,4.92%,,,,,,,-3.05%,,-4.83%,-1.64%,,,,
12/31/1979,,1.64%,3.26%,,2.66%,3.81%,2.14%,2.80%,7.02%,2.37%,3.37%,1.33%,,,,,,,0.27%,,-0.40%,0.76%,,,,
11/30/1979,,4.16%,1.14%,,3.06%,2.14%,4.75%,6.18%,8.48%,5.96%,7.58%,4.25%,,,,,,,2.92%,,2.54%,3.05%,,,,
10/31/1979,,-6.39%,-8.07%,,-7.45%,-8.33%,-6.40%,-7.24%,-11.06%,-6.83%,-5.98%,-7.68%,,,,,,,-6.08%,,-8.09%,-4.51%,,,,
9/30/1979,,-0.14%,4.29%,,2.24%,4.75%,0.43%,0.21%,-0.43%,0.27%,0.05%,0.49%,,,,,,,-1.04%,,-2.06%,-0.09%,,,,
8/31/1979,,4.98%,2.32%,,4.01%,3.19%,5.77%,6.56%,8.18%,6.39%,7.18%,5.63%,,,,,,,-0.26%,,-0.03%,-0.37%,,,,
7/31/1979,,1.14%,1.08%,,0.74%,0.50%,1.34%,1.49%,3.14%,1.32%,0.92%,1.70%,,,,,,,0.05%,,0.16%,-0.01%,,,,
6/30/1979,,3.88%,1.70%,,2.88%,2.05%,4.35%,4.70%,5.60%,4.60%,3.86%,5.35%,,,,,,,2.18%,,2.33%,1.92%,,,,
5/31/1979,,-1.90%,-2.16%,,-1.74%,-1.44%,-2.17%,-1.37%,-1.40%,-1.36%,-1.61%,-1.13%,,,,,,,1.87%,,2.33%,1.62%,,,,
4/30/1979,,0.04%,-0.47%,,-0.15%,-0.21%,0.63%,0.74%,2.49%,0.55%,0.64%,0.47%,,,,,,,-0.16%,,-0.60%,0.23%,,,,
3/31/1979,,5.73%,2.23%,,4.18%,2.76%,5.96%,6.60%,10.07%,6.25%,6.52%,5.96%,,,,,,,1.03%,,1.14%,0.97%,,,,
2/28/1979,,-3.41%,-0.61%,,-1.92%,-0.24%,-3.21%,-2.76%,-2.80%,-2.76%,-3.40%,-2.14%,,,,,,,-0.42%,,-1.02%,0.02%,,,,
1/31/1979,,4.62%,0.53%,,2.55%,0.72%,4.43%,4.90%,9.25%,4.48%,3.46%,5.50%,,,,,,,1.87%,,2.03%,1.88%,,,,
12/31/1978,,1.86%,4.88%,,3.26%,4.77%,1.96%,,,,,,,,,,,,-0.96%,,-1.45%,-0.68%,,,,
11/30/1978,,2.08%,-9.37%,,-3.54%,-8.41%,2.15%,,,,,,,,,,,,0.98%,,1.06%,0.76%,,,,
10/31/1978,,-8.45%,5.68%,,-1.95%,4.81%,-8.72%,,,,,,,,,,,,-1.41%,,-2.00%,-1.05%,,,,
9/30/1978,,-0.37%,2.91%,,1.15%,2.89%,-0.32%,,,,,,,,,,,,-0.04%,,-0.35%,0.18%,,,,
8/31/1978,,2.70%,1.96%,,2.29%,1.99%,3.01%,,,,,,,,,,,,1.58%,,2.20%,1.08%,,,,
7/31/1978,,6.13%,8.63%,,7.21%,8.52%,5.83%,,,,,,,,,,,,1.14%,,1.30%,0.93%,,,,
6/30/1978,,-1.51%,4.43%,,0.99%,3.99%,-1.38%,,,,,,,,,,,,-0.03%,,0.22%,-0.19%,,,,
5/31/1978,,0.48%,1.96%,,1.25%,2.31%,0.92%,,,,,,,,,,,,-0.45%,,-0.93%,-0.01%,,,,
4/30/1978,,9.54%,-0.80%,,4.49%,-0.68%,9.02%,,,,,,,,,,,,0.14%,,0.01%,0.21%,,,,
3/31/1978,,2.52%,7.21%,,4.52%,6.89%,2.94%,,,,,,,,,,,,0.32%,,0.20%,0.33%,,,,
2/28/1978,,-2.15%,1.07%,,-0.77%,0.96%,-2.03%,,,,,,,,,,,,0.39%,,0.50%,0.30%,,,,
1/31/1978,,-5.75%,1.21%,,-2.94%,0.63%,-5.74%,,,,,,,,,,,,-0.24%,,-0.35%,-0.04%,,,,
12/31/1977,,0.66%,3.64%,,1.98%,3.80%,0.75%,,,,,,,,,,,,-0.44%,,-0.81%,-0.07%,,,,
11/30/1977,,2.67%,-0.93%,,1.25%,-0.32%,3.16%,,,,,,,,,,,,0.89%,,0.87%,0.88%,,,,
10/31/1977,,-4.07%,2.42%,,-1.71%,1.48%,-3.90%,,,,,,,,,,,,-0.53%,,-0.63%,-0.42%,,,,
9/30/1977,,0.13%,2.89%,,1.25%,2.88%,0.16%,,,,,,,,,,,,0.00%,,-0.12%,0.07%,,,,
8/31/1977,,-1.80%,4.33%,,0.37%,3.57%,-1.72%,,,,,,,,,,,,0.96%,,1.12%,0.80%,,,,
7/31/1977,,-1.17%,-1.59%,,-1.34%,-1.42%,-1.24%,,,,,,,,,,,,-0.06%,,0.26%,-0.42%,,,,
6/30/1977,,4.93%,2.15%,,3.76%,2.33%,4.94%,,,,,,,,,,,,1.42%,,1.62%,1.22%,,,,
5/31/1977,,-1.80%,-0.49%,,-1.36%,-0.58%,-1.96%,,,,,,,,,,,,0.69%,,0.94%,0.49%,,,,
4/30/1977,,0.38%,2.83%,,1.09%,2.26%,0.42%,,,,,,,,,,,,0.91%,,1.09%,0.72%,,,,
3/31/1977,,-1.08%,0.23%,,-0.63%,0.18%,-1.05%,,,,,,,,,,,,0.75%,,0.79%,0.69%,,,,
2/28/1977,,-1.97%,2.12%,,-0.44%,2.00%,-1.82%,,,,,,,,,,,,0.38%,,0.28%,0.54%,,,,
1/31/1977,,-4.81%,-0.68%,,-3.36%,-0.94%,-4.73%,,,,,,,,,,,,-1.92%,,-2.22%,-1.69%,,,,
12/31/1976,,5.37%,11.16%,,7.52%,11.22%,5.61%,,,,,,,,,,,,1.82%,,2.80%,1.03%,,,,
11/30/1976,,-0.36%,1.13%,,-0.39%,-0.28%,-0.41%,,,,,,,,,,,,2.42%,,2.54%,2.36%,,,,
10/31/1976,,-1.82%,-6.47%,,-3.50%,-6.00%,-1.86%,,,,,,,,,,,,1.08%,,1.00%,1.15%,,,,
9/30/1976,,2.58%,-1.82%,,0.84%,-1.64%,2.58%,,,,,,,,,,,,1.38%,,1.68%,1.08%,,,,
8/31/1976,,-0.05%,-0.02%,,-0.23%,-0.35%,-0.18%,,,,,,,,,,,,1.79%,,2.19%,1.36%,,,,
7/31/1976,,-0.50%,-1.26%,,-0.94%,-1.45%,-0.48%,,,,,,,,,,,,1.17%,,1.35%,1.00%,,,,
6/30/1976,,4.48%,1.59%,,3.08%,1.17%,4.43%,,,,,,,,,,,,1.42%,,1.50%,1.37%,,,,
5/31/1976,,-1.03%,-2.79%,,-1.67%,-2.44%,-1.11%,,,,,,,,,,,,-0.91%,,-0.92%,-0.84%,,,,
4/30/1976,,-1.01%,-0.55%,,-0.73%,-0.19%,-0.78%,,,,,,,,,,,,0.56%,,0.41%,0.73%,,,,
3/31/1976,,3.53%,-1.78%,,1.18%,-1.93%,3.37%,,,,,,,,,,,,1.20%,,1.47%,0.89%,,,,
2/29/1976,,-0.99%,-0.85%,,-0.74%,-0.26%,-0.84%,,,,,,,,,,,,0.76%,,0.95%,0.47%,,,,
1/31/1976,,11.71%,5.20%,,8.94%,5.45%,12.17%,,,,,,,,,,,,1.95%,,2.91%,1.13%,,,,
12/31/1975,,-0.96%,2.08%,,0.09%,1.62%,-0.81%,,,,,,,,,,,,,,3.54%,1.83%,,,,
11/30/1975,,3.06%,2.28%,,2.73%,2.43%,2.82%,,,,,,,,,,,,,,-0.46%,-0.01%,,,,
10/31/1975,,6.92%,8.53%,,6.89%,6.99%,6.53%,,,,,,,,,,,,,,4.75%,3.19%,,,,
9/30/1975,,-3.46%,-4.64%,,-4.19%,-5.02%,-3.12%,,,,,,,,,,,,,,-1.20%,-0.09%,,,,
8/31/1975,,-2.16%,-0.25%,,-1.55%,-0.60%,-1.76%,,,,,,,,,,,,,,-0.49%,0.09%,,,,
7/31/1975,,-6.67%,-4.19%,,-5.53%,-3.82%,-6.44%,,,,,,,,,,,,,,-0.22%,-0.32%,,,,
6/30/1975,,4.84%,-3.98%,,1.26%,-3.21%,4.77%,,,,,,,,,,,,,,2.70%,0.59%,,,,
5/31/1975,,4.60%,-0.85%,,2.36%,-0.28%,4.77%,,,,,,,,,,,,,,2.61%,2.03%,,,,
4/30/1975,,4.55%,4.64%,,4.14%,3.77%,5.10%,,,,,,,,,,,,,,-0.85%,-1.29%,,,,
3/31/1975,,2.48%,-1.16%,,0.73%,-1.17%,2.54%,,,,,,,,,,,,,,-3.20%,-0.61%,,,,
2/28/1975,,6.32%,13.08%,,8.83%,12.09%,6.38%,,,,,,,,,,,,,,1.99%,1.45%,,,,
1/31/1975,,13.01%,17.74%,,14.58%,16.78%,12.72%,,,,,,,,,,,,,,6.82%,1.31%,,,,
12/31/1974,,-1.97%,-1.14%,,-1.66%,-1.09%,-1.56%,,,,,,,,,,,,,,-0.82%,1.18%,,,,
11/30/1974,,-4.51%,3.07%,,-1.56%,3.16%,-4.88%,,,,,,,,,,,,,,-0.32%,2.35%,,,,
10/31/1974,,17.79%,0.78%,,9.57%,-0.18%,16.81%,,,,,,,,,,,,,,7.28%,1.62%,,,,
9/30/1974,,-11.49%,-7.35%,,-9.33%,-5.85%,-11.52%,,,,,,,,,,,,,,1.16%,2.59%,,,,
8/31/1974,,-8.94%,-10.39%,,-9.65%,-10.49%,-8.64%,,,,,,,,,,,,,,-2.44%,-0.49%,,,,
7/31/1974,,-7.83%,-5.17%,,-5.92%,-2.90%,-7.42%,,,,,,,,,,,,,,-0.86%,0.07%,,,,
6/30/1974,,-1.57%,-4.61%,,-3.14%,-5.16%,-1.13%,,,,,,,,,,,,,,-4.53%,-0.15%,,,,
5/31/1974,,-2.99%,-3.98%,,-4.03%,-5.33%,-3.02%,,,,,,,,,,,,,,0.70%,0.85%,,,,
4/30/1974,,-3.74%,2.61%,,-1.67%,1.60%,-3.59%,,,,,,,,,,,,,,-2.98%,-0.78%,,,,
3/31/1974,,-2.35%,-2.66%,,-2.53%,-2.67%,-2.05%,,,,,,,,,,,,,,-3.03%,-1.85%,,,,
2/28/1974,,-0.01%,3.24%,,1.56%,4.01%,-0.07%,,,,,,,,,,,,,,0.25%,0.32%,,,,
1/31/1974,,-1.61%,0.60%,,0.77%,4.50%,-0.72%,,,,,,,,,,,,,,0.06%,0.77%,,,,
12/31/1973,,1.86%,-4.17%,,-0.82%,-4.57%,1.98%,,,,,,,,,,,,,,-1.32%,-0.06%,,,,
11/30/1973,,-10.51%,-14.45%,,-12.97%,-16.39%,-11.09%,,,,,,,,,,,,,,1.07%,0.47%,,,,
10/31/1973,,0.52%,2.09%,,1.01%,1.90%,0.17%,,,,,,,,,,,,,,-1.10%,0.92%,,,,
9/30/1973,,3.67%,-0.74%,,2.89%,1.84%,4.27%,,,,,,,,,,,,,,3.16%,2.40%,,,,
8/31/1973,,-3.24%,-5.14%,,-4.16%,-5.44%,-3.41%,,,,,,,,,,,,,,3.69%,1.60%,,,,
7/31/1973,,4.03%,-1.30%,,2.38%,0.06%,4.07%,,,,,,,,,,,,,,-3.47%,-2.24%,,,,
6/30/1973,,0.22%,2.40%,,0.63%,1.37%,-0.40%,,,,,,,,,,,,,,-1.08%,0.14%,,,,
5/31/1973,,-1.50%,2.37%,,-0.30%,1.72%,-1.63%,,,,,,,,,,,,,,-0.39%,0.11%,,,,
4/30/1973,,-3.75%,-5.67%,,-5.04%,-6.86%,-3.83%,,,,,,,,,,,,,,0.97%,0.90%,,,,
3/31/1973,,-1.09%,0.57%,,0.14%,2.22%,0.08%,,,,,,,,,,,,,,0.01%,-0.14%,,,,
2/28/1973,,-4.59%,8.20%,,0.69%,10.24%,-3.52%,,,,,,,,,,,,,,0.37%,-0.13%,,,,
1/31/1973,,-2.30%,1.66%,,0.23%,4.52%,-1.49%,,,,,,,,,,,,,,,,,,,
12/31/1972,,1.74%,3.25%,,1.83%,2.17%,1.42%,,,,,,,,,,,,,,,,,,,
11/30/1972,,3.93%,6.52%,,5.25%,8.26%,4.81%,,,,,,,,,,,,,,,,,,,
10/31/1972,,1.38%,0.98%,,0.83%,-0.16%,1.18%,,,,,,,,,,,,,,,,,,,
9/30/1972,,0.23%,-3.33%,,-1.52%,-4.85%,-0.25%,,,,,,,,,,,,,,,,,,,
8/31/1972,,3.72%,1.05%,,2.84%,1.20%,3.69%,,,,,,,,,,,,,,,,,,,
7/31/1972,,-0.49%,5.32%,,1.54%,6.23%,0.48%,,,,,,,,,,,,,,,,,,,
6/30/1972,,-1.72%,-2.73%,,-2.32%,-3.41%,-1.94%,,,,,,,,,,,,,,,,,,,
5/31/1972,,-0.04%,3.17%,,2.04%,6.81%,1.97%,,,,,,,,,,,,,,,,,,,
4/30/1972,,0.23%,2.32%,,1.33%,3.84%,0.68%,,,,,,,,,,,,,,,,,,,
3/31/1972,,1.64%,3.22%,,1.39%,1.03%,0.83%,,,,,,,,,,,,,,,,,,,
2/29/1972,,2.88%,6.49%,,3.84%,6.06%,2.77%,,,,,,,,,,,,,,,,,,,
1/31/1972,,2.08%,5.74%,,3.66%,7.27%,2.06%,,,,,,,,,,,,,,,,,,,
12/31/1971,,6.33%,8.78%,,9.01%,15.23%,8.88%,,,,,,,,,,,,,,,,,,,
11/30/1971,,0.47%,3.20%,,0.85%,1.81%,0.02%,,,,,,,,,,,,,,,,,,,
10/31/1971,,-3.52%,-3.24%,,-3.79%,-4.20%,-3.91%,,,,,,,,,,,,,,,,,,,
9/30/1971,,-1.19%,-1.58%,,-0.95%,-0.28%,-0.44%,,,,,,,,,,,,,,,,,,,
8/31/1971,,4.17%,-1.47%,,2.18%,-1.57%,3.88%,,,,,,,,,,,,,,,,,,,
7/31/1971,,-3.51%,4.17%,,-1.60%,2.53%,-3.87%,,,,,,,,,,,,,,,,,,,
6/30/1971,,0.73%,2.29%,,1.02%,1.72%,0.33%,,,,,,,,,,,,,,,,,,,
5/31/1971,,-3.84%,1.80%,,-2.37%,0.79%,-3.91%,,,,,,,,,,,,,,,,,,,
4/30/1971,,3.93%,3.79%,,3.27%,2.14%,3.89%,,,,,,,,,,,,,,,,,,,
3/31/1971,,4.11%,4.24%,,4.39%,5.07%,3.94%,,,,,,,,,,,,,,,,,,,
2/28/1971,,1.07%,0.82%,,1.05%,1.19%,1.17%,,,,,,,,,,,,,,,,,,,
1/31/1971,,4.66%,3.98%,,4.60%,4.64%,4.32%,,,,,,,,,,,,,,,,,,,
12/31/1970,,5.80%,2.03%,,4.96%,3.53%,5.97%,,,,,,,,,,,,,,,,,,,
11/30/1970,,5.51%,-4.36%,,2.24%,-3.42%,5.06%,,,,,,,,,,,,,,,,,,,
10/31/1970,,-0.70%,-0.93%,,-1.48%,-2.78%,-0.83%,,,,,,,,,,,,,,,,,,,
9/30/1970,,3.42%,0.68%,,3.23%,3.04%,3.62%,,,,,,,,,,,,,,,,,,,
8/31/1970,,4.12%,0.35%,,3.30%,1.91%,4.78%,,,,,,,,,,,,,,,,,,,
7/31/1970,,7.54%,3.92%,,6.20%,3.88%,7.69%,,,,,,,,,,,,,,,,,,,
6/30/1970,,-4.06%,2.12%,,-2.46%,1.03%,-4.66%,,,,,,,,,,,,,,,,,,,
5/31/1970,,-5.63%,-5.03%,,-6.31%,-7.43%,-5.78%,,,,,,,,,,,,,,,,,,,
4/30/1970,,-8.64%,-8.39%,,-9.34%,-10.52%,-8.75%,,,,,,,,,,,,,,,,,,,
3/31/1970,,0.61%,1.51%,,0.31%,-0.09%,0.44%,,,,,,,,,,,,,,,,,,,
2/28/1970,,5.65%,-2.35%,,3.12%,-1.30%,5.58%,,,,,,,,,,,,,,,,,,,
1/31/1970,,-7.11%,-1.17%,,-5.55%,-2.14%,,,,,,,,,,,,,,,,,,,,
